accession,secondary_accession,bioproject,study_name,body_sites,samples_count,biome_lineages,centre_name,last_update
MGYS00005143,SRP126946,PRJNA362643,Distinct spatial patterns of bacterial diversity shaped by salivary flow on tooth surfaces in humans,oral,7403,root:Host-associated:Human:Digestive system:Oral,Stanford University,2019-12-13T16:44:55
MGYS00005142,ERP013105,PRJEB11697,Characterizing postnatal co-development of the gut microbiota and mucosal IgA responses in healthy twin pairs and a gnotobiotic mouse model,gut,4357,root:Host-associated:Human:Digestive system:Large intestine:Fecal,WASHINGTON UNIVERSITY CENTER FOR GENOME SCIENCES,2019-12-07T07:43:23
MGYS00001679,ERP015317,PRJEB13747,Genetic determinants of the gut microbiome in the TwinsUK cohort,gut,3288,root:Host-associated:Human:Digestive system:Large intestine:Fecal,CORNELL,2017-04-06T11:26:58
MGYS00005138,SRP056779,PRJNA275918,Infant nasopharyngeal bacteria microbiome,respiratory,3028,root:Host-associated:Human:Respiratory system:Nasopharyngeal,University of Melbourne,2019-12-02T05:04:34
MGYS00000604,SRP002480,PRJNA46333,Gene-Environment Interactions at the Skin Surface,skin,2758,root:Host-associated:Human:Skin,NIAMS,2016-02-03T11:24:47
MGYS00005196,SRP115697,PRJNA393472,Replication and Refinement of a Vaginal Microbial Signature of Preterm Birth,urogenital,2367,root:Host-associated:Human:Reproductive system:Vagina,Stanford University School of Medicine,2020-04-12T15:53:05
MGYS00002355,DRP003041,PRJDB4107,Population-based study on salivary microbiome of Japanese adults,oral,2344,root:Host-associated:Human:Digestive system:Oral:Saliva,KYUSHU,2018-04-26T09:01:59
MGYS00006551,ERP152745,PRJEB67738,EMG produced TPA metagenomics assembly of PRJEB62473 data set (The INTEGRATE project).,gut,2048,root:Host-associated:Human:Digestive system:Large intestine:Fecal,EMG,2025-04-07T17:10:01
MGYS00005190,SRP136041,PRJNA396815,An optimized model for screening colorectal cancer established using large-scale experimental sequence-based faecal microbial community data,gut,1993,root:Host-associated:Human:Digestive system:Large intestine:Fecal,Hangzhou Guhe Information and Technology Company,2020-02-18T13:08:42
MGYS00001070,SRP026107,PRJNA208535,The daily dynamics of the vaginal microbiota before and after bacterial vaginosis,urogenital,1980,root:Host-associated:Human:Reproductive system:Vagina,University of Maryland Institue for Genome Sciences,2022-03-18T00:48:43
MGYS00005147,ERP004898,PRJEB5482,Persistent gut microbiota immaturity in malnourished Bangladeshi children,gut,1955,root:Host-associated:Human:Digestive system:Large intestine:Fecal,CGS-GL,2019-12-10T16:56:13
MGYS00005222,SRP159872,PRJNA489669,Ultra-high throughput multiplexing and sequencing of long amplicon regions on the Illumina HiSeq 2500 platform,urogenital,1882,root:Host-associated:Human:Reproductive system:Vagina,"Institute for Genome Sciences, University of Maryland Baltimore",2020-04-21T13:59:59
MGYS00005192,SRP119890,PRJNA414072,Human faecal 16S Raw sequence reads,gut,1816,root:Host-associated:Human:Digestive system:Large intestine:Fecal,University College Cork,2020-04-26T13:04:47
MGYS00005199,SRP156089,PRJNA481576,16S rRNA gene amplicon sequencing of endometrial cancer-associated bacteria,urogenital,1576,root:Host-associated:Human:Reproductive system:Female,Mayo Clinic,2020-04-20T13:58:22
MGYS00005162,SRP090592,PRJNA340273,Infant airway microbiome Raw sequence reads,respiratory,1570,root:Host-associated:Human:Respiratory system:Nasopharyngeal:Pharynx,University of Copenhagen,2020-02-10T10:53:18
MGYS00000633,SRP001634,PRJNA63661,Microbial composition of samples from infant gut,gut,1563,root:Host-associated:Human:Digestive system:Large intestine,Broad Institute,2024-05-08T04:11:27
MGYS00005184,ERP016515,PRJEB14839,Association of host genome with intestinal microbial composition in a large healthy cohort,gut,1557,root:Host-associated:Human:Digestive system:Large intestine:Fecal,UNIVERSITY OF TORONTO,2020-04-08T12:46:45
MGYS00005191,SRP125127,PRJNA418765,Microbiota of Ustekinumab-treated Crohn's subjects.,gut,1537,root:Host-associated:Human:Digestive system:Large intestine:Fecal,University of Michigan Medical School Host Microbiome Initiative,2020-04-20T13:59:01
MGYS00005172,SRP113602,PRJNA395539,Topical treatment interventions elicit personalized and site-specific shifts in human skin bacterial communities,skin,1484,root:Host-associated:Human:Skin,University of Pennsylvania,2020-06-21T08:22:41
MGYS00005224,SRP163504,PRJNA482032,human nose/throat Targeted loci,respiratory,1422,root:Host-associated:Human:Respiratory system:Nasopharyngeal,University of Michigan,2020-04-27T15:14:12
MGYS00005173,SRP124475,PRJNA417357,Infant (COPSAC) feces microbiome Raw sequence reads,gut,1384,root:Host-associated:Human:Digestive system:Large intestine:Fecal,University of Copenhagen,2020-06-21T08:38:19
MGYS00006638,SRP351807,PRJNA790843,Early life nasopharyngeal bacteriome in a low-income community in South Africa,respiratory,1370,root:Host-associated:Human:Respiratory system:Nasopharyngeal,University of Cape Town,2024-03-25T17:59:56
MGYS00005197,SRP128931,PRJNA427101,Human oral microbiome of Spanish adolescents,oral,1319,root:Host-associated:Human:Digestive system:Oral:Saliva,Center for Genomic Regulation,2020-04-26T13:05:31
MGYS00003733,SRP096283,PRJNA354235,Human gut metagenome and metatranscriptome raw sequence reads.,gut,1307,root:Host-associated:Human:Digestive system:Large intestine:Fecal,Harvard School of Public Health,2019-11-07T16:53:29
MGYS00005225,SRP165757,PRJNA436359,Gut microbial factors implicated in disease progression and treatment response in pediatric ulcerative colitis,gut,1207,root:Host-associated:Human:Digestive system:Large intestine:Fecal,Harvard T.H. Chan School of Public Health,2020-04-26T13:04:04
MGYS00005128,ERP117839,PRJEB34871,Predicting antibiotic resistance in clinical infections caused by Enterobacterales from aggregated population-level taxonomy-adjusted AMR estimates derived from quantitative metagenomic analysis of pooled human faecal samples,gut,1197,root:Host-associated:Human:Digestive system:Large intestine:Fecal,CENTRE FOR ECOLOGY AND HYDROLOGY,2020-02-04T14:43:01
MGYS00005202,ERP111526,PRJEB29239,using fecal microbiota composition as a non-invasive diagnostic tool to classify colorectal carcinoma and adenoma.,gut,1185,root:Host-associated:Human:Digestive system:Large intestine:Fecal,New horizon health technology Co. ltd,2022-07-07T23:15:58
MGYS00003481,ERP108957,PRJEB26926,EMG produced TPA metagenomics assembly of the Human gut metagenome and metatranscriptome raw sequence reads. (256318) data set.,gut,1155,root:Host-associated:Human:Digestive system:Large intestine:Fecal,EMG,2020-05-21T10:36:55
MGYS00005195,SRP042023,PRJNA234437,GEMS diarrheal case/control study Targeted Locus (Loci),gut,1016,root:Host-associated:Human:Digestive system:Large intestine:Fecal,University of Maryland,2020-04-20T15:47:12
MGYS00003715,ERP107577,PRJEB25642,LogMPIE: Landscape Of Gut Microbiome - Pan India Exploration,gut,1004,root:Host-associated:Human:Digestive system:Large intestine:Fecal,"Bioinformatics Lab, Innovation Center",2019-01-15T11:52:08
MGYS00002360,ERP005150,PRJEB5726,Flores_tongue_EBI,oral,947,root:Host-associated:Human:Digestive system:Oral:tongue dorsum,CCME-COLORADO,2018-04-26T10:21:40
MGYS00005156,ERP005152,PRJEB5728,Flores_forehead_EBI,skin,938,root:Host-associated:Human:Skin,CCME-COLORADO,2024-01-23T15:27:26
MGYS00005230,ERP005153,PRJEB5729,Flores_fecal_EBI,gut,915,root:Host-associated:Human:Digestive system:Large intestine:Fecal,CCME-COLORADO,2024-06-28T15:19:05
MGYS00005259,SRP128128,PRJNA428736,Dynamics of human gut microbiota and metabolites in response to prebiotic interventions,gut,914,root:Host-associated:Human:Digestive system:Large intestine:Fecal,mothur,2020-06-21T08:51:46
MGYS00006389,SRP340436,PRJNA769290,Impact of long-term azithromycin treatment on the respiratory microbiome in HIV-associated chronic lung disease,respiratory,894,root:Host-associated:Human:Respiratory system:Pulmonary system:Sputum,University of Cape Town,2023-09-03T04:34:41
MGYS00005314,SRP158570,PRJNA485316,Fecal microbiota of patients over time at one long-term acute care hospital,gut,876,root:Host-associated:Human:Digestive system:Large intestine:Fecal,University of Michigan,2020-05-02T02:23:59
MGYS00005158,ERP012215,PRJEB10913,vaginal microbiota of pregnant women,urogenital,853,root:Host-associated:Human:Reproductive system:Vagina,SMU,2020-02-10T10:09:54
MGYS00005505,SRP092421,PRJNA352060,Longitudinal microbiome analyses of acute myelogenous leukemia patients during induction chemotherapy,gut,850,root:Host-associated:Human:Digestive system:Large intestine:Fecal,Alkek Center for Metagenomics and Microbiome Research,2020-06-14T14:18:57
MGYS00006345,SRP271095,PRJNA645089,EcoCF- Pediatric CF lung microbiomes,respiratory,844,root:Host-associated:Human:Respiratory system:Pulmonary system:Lung,University of Pennsylvania,2023-09-02T04:10:15
MGYS00005239,SRP043574,PRJNA232731,DIPP Stool Metagenome,gut,838,root:Host-associated:Human:Digestive system:Large intestine:Fecal,University of Florida,2020-06-21T06:48:08
MGYS00005203,ERP022127,PRJEB20022,16S rRNA gene sequencing and healthy reference ranges for 28 clinically relevant microbial taxa from the human gut microbiome,gut,832,root:Host-associated:Human:Digestive system:Large intestine:Fecal,uBiome,2020-04-29T20:40:35
MGYS00001278,ERP006059,PRJEB6518,Host lifestyle affects human microbiota on daily timescales,gut,820,root:Host-associated:Human:Digestive system:Large intestine:Fecal,CCME-COLORADO,2024-01-08T13:29:07
MGYS00005198,SRP181937,PRJNA516932,Effects of ursodeoxycholic acid on the gut microbiome and colorectal adenoma development.,gut,801,root:Host-associated:Human:Digestive system:Large intestine:Fecal,Northern Arizona University,2020-05-02T02:23:31
MGYS00005232,ERP005182,PRJEB5758,Dorrestein_3D_metabolic_map,skin,793,root:Host-associated:Human:Skin,CCME-COLORADO,2024-04-09T21:05:38
MGYS00001748,ERP005883,PRJEB6358,"Effects of cholera on the human gut microbiota, and interactions between human gut microbes and Vibrio cholerae.",gut,768,root:Host-associated:Human:Digestive system:Large intestine:Fecal,WASHINGTON UNIVERSITY CENTER FOR GENOME SCIENCES,2017-05-16T16:42:01
MGYS00005223,SRP126884,PRJNA419038,Simple statistical identification and removal of contaminant sequences in marker-gene and metagenomics data,oral,767,root:Host-associated:Human:Digestive system:Oral,Stanford University,2020-05-02T02:22:32
MGYS00006273,ERP119164,PRJEB36034,Longitudinal CF Study,respiratory,751,root:Host-associated:Human:Respiratory system:Pulmonary system:Sputum,UCSDMI,2023-09-01T18:42:08
MGYS00005176,SRP109293,PRJNA390646,Infant Microbiota and Probiotic Intake Study (IMPRINT),gut,750,root:Host-associated:Human:Digestive system:Large intestine:Fecal,"Evolve Biosystems, Inc",2022-03-16T13:30:34
MGYS00005340,SRP090628,PRJNA290380,"A longitudinal analysis of the developing gut microbiome in infants from Finland, Estonia, and Russian Karelia",gut,744,root:Host-associated:Human:Digestive system,The Broad Institute,2020-05-17T09:58:05
MGYS00005506,SRP115814,PRJNA399163,Chemotherapy Induced Oral Mucositis and Microbiome,oral,722,root:Host-associated:Human:Digestive system:Oral,Jackson Laboratory Genomic Medicine,2020-06-14T14:15:15
MGYS00004729,ERP020597,PRJEB18650,Nasopharyngeal_microbiota_in_Maela_Thailand,respiratory,720,root:Host-associated:Human:Respiratory system:Nasopharyngeal,SC,2022-03-11T22:24:15
MGYS00006477,SRP102480,PRJNA380493,COPDMAP lung microbiome,respiratory,715,root:Host-associated:Human:Respiratory system:Pulmonary system:Lung,GlaxoSmithKline R&D,2023-09-25T21:07:11
MGYS00001809,ERP023432,PRJEB21196,Randomized controlled trial on the impact of early live intervention with bifidobacteria on the healthy infant fecal microbiota and metabolite profile,gut,712,root:Host-associated:Human:Digestive system:Large intestine:Fecal,TUM,2017-06-14T11:20:54
MGYS00005206,ERP017440,PRJEB15613,Microbial drivers of the human pharyngeal microbiome are associated with age-related macular degeneration,respiratory,696,root:Host-associated:Human:Respiratory system:Nasopharyngeal,Genome Institute of Singapore,2020-05-10T11:08:31
MGYS00006759,ERP146353,PRJEB61255,EMG produced TPA metagenomics assembly of PRJNA834801 data set (Characterizing dysbiosis of the Parkinson's disease gut microbiome using shotgun metagenomics).,gut,692,root:Host-associated:Human:Digestive system:Large intestine:Fecal,EMG,2025-03-17T10:04:29
MGYS00005384,SRP049645,PRJNA266117,Human skin bacterial metagenome and Virome Metagenome,skin,674,root:Host-associated:Human:Skin,University of Pennsylvania,2022-04-15T08:25:22
MGYS00005211,SRP058088,PRJNA283106,Composition and temporal stability of the gut microbiota in older persons,gut,665,root:Host-associated:Human:Digestive system:Large intestine:Fecal,University College Cork,2020-04-29T20:33:15
MGYS00001220,SRP049113,PRJNA263853,Human gut microbiota from the ALADDIN study,gut,664,root:Host-associated:Human:Digestive system:Large intestine:Fecal,Swedish University of Agricultural Sciences,2019-11-07T16:53:08
MGYS00005194,ERP112757,PRJEB30316,the upper respiratory tract microbiome of chronic rhinosinusitis patients,respiratory,663,root:Host-associated:Human:Respiratory system:Nasopharyngeal,University of Antwerp,2020-05-02T02:22:55
MGYS00005212,SRP071579,PRJNA314604,Body site is a more determinant factor than human population diversity in healthy skin microbiome,skin,644,root:Host-associated:Human:Skin,NYU Langone Medical Center,2020-05-02T01:48:06
MGYS00001745,ERP022836,PRJEB20665,Ventilator-associated pneumonia,respiratory,642,root:Host-associated:Human:Respiratory system:Pulmonary system,GUH,2017-05-11T11:04:18
MGYS00006530,SRP184496,PRJNA520924,CF airway microbiota within baseline clinical state,respiratory,632,root:Host-associated:Human:Respiratory system:Pulmonary system:Lung,University of Michigan,2023-09-27T12:16:05
MGYS00005261,SRP127076,PRJNA423040,Fluctuations in airway bacterial communities associated with clinical states and disease stages in cystic fibrosis,respiratory,631,root:Host-associated:Human:Respiratory system:Pulmonary system:Sputum,University of Michigan,2023-09-13T12:13:41
MGYS00006472,SRP110811,PRJNA392272,Examination of microbes in sarcoidosis BAL and tissue. Raw sequence reads,respiratory,629,root:Host-associated:Human:Respiratory system:Pulmonary system:Lung,University of Pennsylvania,2023-09-26T12:26:39
MGYS00005269,ERP111364,PRJEB29091,16S rRNA gene sequencing data from throat swabs from participants in the Busselton Health Study,respiratory,618,root:Host-associated:Human:Respiratory system:Nasopharyngeal:Pharynx,"NATIONAL HEART AND LUNG INSTITUTE, IMPERIAL COLLEGE LONDON",2023-09-27T12:06:07
MGYS00005219,SRP148278,PRJNA471742,A Multi-Omic Association Study of Trimethylamine N-Oxide,gut,615,root:Host-associated:Human:Digestive system:Large intestine:Fecal,Arivale Inc.,2020-05-06T01:24:51
MGYS00005253,ERP108620,PRJEB26618,Early development of the airway microbiota in infants with cystic fibrosis,oral,606,root:Host-associated:Human:Digestive system:Oral:Throat,"NATIONAL HEART AND LUNG INSTITUTE, IMPERIAL COLLEGE LONDON",2023-09-26T22:09:05
MGYS00006478,SRP102629,PRJNA377739,GlaxoSmithKline - UofSouthampton - AERIS COPD Lung Microbiome,respiratory,584,root:Host-associated:Human:Respiratory system:Pulmonary system:Lung,GlaxoSmithKline,2023-09-12T10:55:51
MGYS00005533,ERP016280,PRJEB14627,Patterns in the skin microbiota differ in children and teenagers between rural and urban environments,skin,584,root:Host-associated:Human:Skin,UNIVERSITY OF HELSINKI,2020-06-21T07:23:02
MGYS00006562,ERP150486,PRJEB65351,EMG produced TPA metagenomics assembly of PRJEB54673 data set (Paediatric Oral Microbiome).,oral,554,root:Host-associated:Human:Digestive system:Oral,EMG,2024-04-24T15:40:21
MGYS00006342,SRP261392,PRJNA632472,Airway host-microbiome interplay associated with chronic obstructive pulmonary disease,respiratory,546,root:Host-associated:Human:Respiratory system:Pulmonary system:Lung,University of Leicester,2023-09-02T02:05:32
MGYS00005531,ERP013986,PRJEB12500,Genetic associaiton with vaginal microbiome in Korean twins,urogenital,541,root:Host-associated:Human:Reproductive system:Vagina,SNU,2020-06-21T06:51:25
MGYS00002187,SRP104798,PRJNA383868,Metagenomics of the Microbiome in Oral Health and Disease,oral,540,root:Host-associated:Human:Digestive system:Oral,J. Craig Venter Institute,2019-11-07T16:54:02
MGYS00006248,ERP124419,PRJEB40753,The microbial pathology of asthma,respiratory,539,root:Host-associated:Human:Respiratory system:Pulmonary system:Lung,"NATIONAL HEART AND LUNG INSTITUTE, IMPERIAL COLLEGE LONDON",2023-07-18T16:58:01
MGYS00006442,SRP168337,PRJNA503799,Cystic fibrosis lung microbiome.,respiratory,535,root:Host-associated:Human:Respiratory system:Pulmonary system:Sputum,McMaster University,2023-09-05T15:44:47
MGYS00005189,DRP004640,PRJDB7737,Anaerobic microbial community enriched with amino acids,oral,530,root:Host-associated:Human:Digestive system:Oral:tongue dorsum,UIUC,2020-05-23T08:06:55
MGYS00005154,ERP001500,PRJEB3079,Human gut microbiome viewed across age and geography,gut,529,root:Host-associated:Human:Digestive system:Large intestine,CCME-COLORADO,2024-04-11T19:25:08
MGYS00005238,SRP051059,PRJNA269787,Human skin microbiota Metagenome,skin,527,root:Host-associated:Human:Skin,Fudan University,2020-02-10T09:59:01
MGYS00005262,SRP136173,PRJNA439436,The impact of tampon use on the vaginal microbiota,urogenital,525,root:Host-associated:Human:Reproductive system:Vagina,mothur,2020-06-21T09:08:05
MGYS00005304,SRP125205,PRJNA418131,NTM Human Microbiome and Inflammation Study,respiratory,521,root:Host-associated:Human:Respiratory system:Pulmonary system:Lung,New York University School of Medicine,2023-09-25T15:19:49
MGYS00005528,DRP004359,PRJDB7124,Population-based study on tongue microbiota composition of Japanese elderly adults,oral,506,root:Host-associated:Human:Digestive system:Oral:tongue dorsum,KYUSHU,2020-06-21T10:01:50
MGYS00005383,ERP116532,PRJEB33718,EMG produced TPA metagenomics assembly of the PRJNA266117 data set (Human skin bacterial metagenome and Virome Metagenome).,skin,504,root:Host-associated:Human:Skin,EMG,2020-05-21T03:51:29
MGYS00005234,ERP006342,PRJEB6705,Goodrich_TwinsUK_Miseq_2,gut,502,root:Host-associated:Human:Digestive system:Large intestine:Fecal,CCME-COLORADO,2024-01-23T14:40:52
MGYS00005167,SRP108387,PRJNA388707,Perth Otitis Media Microbiome (biOMe) Study (16S rRNA amplicon data),respiratory,494,root:Host-associated:Human:Respiratory system:Nasopharyngeal,The University of Western Australia,2020-06-21T07:37:34
MGYS00005248,SRP110729,PRJNA392354,Cervical Microbiota Associated with Higher Grade Cervical Intraepithelial Neoplasia in Women Infected with High-Risk Human Papillomaviruses,urogenital,493,root:Host-associated:Human:Reproductive system:Vagina:posterior fornix,University of Alabama at Birmingham,2020-02-10T11:18:14
MGYS00006263,ERP110514,PRJEB28323,The effect of RSV-A M37 infection on the respiratory microbiome of adults,oral,489,root:Host-associated:Human:Digestive system:Oral:Throat,"NATIONAL HEART AND LUNG INSTITUTE, IMPERIAL COLLEGE LONDON",2023-07-29T14:53:07
MGYS00005235,ERP010289,PRJEB9205,16S rRNA gene sequences of human gut microbiota,gut,487,root:Host-associated:Human:Digestive system:Large intestine:Fecal,SNU,2020-02-10T09:56:47
MGYS00001701,ERP022287,PRJEB20159,"The vaginal and urinary microbiota in health, during BV and after treatment",urogenital,487,root:Host-associated:Human:Reproductive system:Vagina,HELMHOLTZ CENTRE FOR INFECTION RESEARCH,2017-04-20T09:25:22
MGYS00005236,ERP006339,PRJEB6702,Human genetics shape the gut microbiome,gut,486,root:Host-associated:Human:Digestive system:Large intestine:Fecal,CCME-COLORADO,2022-03-15T12:12:56
MGYS00005221,SRP131268,PRJNA419002,Nasal Microbiome Samples from NYU-Rutgers Cohort,respiratory,483,root:Host-associated:Human:Respiratory system:Nasopharyngeal:Nasal cavity,New York University School of Medicine,2020-05-19T07:51:48
MGYS00006269,ERP116225,PRJEB33434,Characterizing the Fungal Airway Microbiome in Cystic Fibrosis and Bronchiectasis by Next Generation Sequencing,respiratory,478,root:Host-associated:Human:Respiratory system:Pulmonary system:Sputum,"NATIONAL HEART AND LUNG INSTITUTE, IMPERIAL COLLEGE LONDON",2023-09-01T15:43:32
MGYS00006407,SRP065072,PRJNA299077,Lung microbiome dynamics in chronic obstructive pulmonary disease exacerbations,respiratory,476,root:Host-associated:Human:Respiratory system:Pulmonary system:Sputum,GlaxoSmithKline,2023-09-03T11:39:52
MGYS00006322,SRP040237,PRJNA241408,Human respiratory tract mycobiome and alterations in HIV infection and lung disease Targeted Locus (Loci),respiratory,466,root:Host-associated:Human:Respiratory system:Pulmonary system:Lung,Center for Vaccine Research,2023-09-01T20:57:11
MGYS00005159,SRP062005,PRJNA290926,Microbiome analysis complements fecal occult blood test for improved detection,gut,464,root:Host-associated:Human:Digestive system:Large intestine:Fecal,University of Michigan,2020-02-10T10:11:06
MGYS00006434,ERP110351,PRJEB28175,Neutrophilic Proteolysis in the Cystic Fibrosis Lung Favors a Pathogenic Microbiome,respiratory,444,root:Host-associated:Human:Respiratory system:Pulmonary system:Sputum,UCSDMI,2023-09-05T13:10:11
MGYS00005247,DRP003338,PRJDB4998,Fecal microbiota of Japanese healthy adults,gut,443,root:Host-associated:Human:Digestive system:Large intestine:Fecal,YAKULT_CENTRAL,2020-02-09T17:10:12
MGYS00006355,SRP289725,PRJNA673153,Lung microbiota associations with clinical features of COPD in the SPIROMICS cohort,respiratory,428,root:Host-associated:Human:Respiratory system:Pulmonary system:Lung,University of Michigan,2023-09-02T05:36:24
MGYS00006524,SRP201083,PRJNA548310,Human respiratory disease lung microbiome,respiratory,425,root:Host-associated:Human:Respiratory system:Pulmonary system:Lung,University of Dundee,2023-09-25T23:24:44
MGYS00005379,ERP116514,PRJEB33701,EMG produced TPA metagenomics assembly of the PRJNA46333 data set (Gene-Environment Interactions at the Skin Surface).,skin,420,root:Host-associated:Human:Skin,EMG,2021-11-13T04:55:44
MGYS00006260,ERP110498,PRJEB28311,Human lung microbiome in Cystic Fibrosis - 3D reconstruction,respiratory,412,root:Host-associated:Human:Respiratory system:Pulmonary system:Lung,UCSDMI,2023-07-28T20:17:00
MGYS00001189,SRP073172,PRJNA318004,DNA from FIT can replace stool for microbiota-based colorectal,gut,408,root:Host-associated:Human:Digestive system:Large intestine:Fecal,mothur,2024-01-12T14:50:59
MGYS00001799,ERP005989,PRJEB6456,Dynamics and Stabilization of the Human Gut Microbiome during the First Year of Life,gut,400,root:Host-associated:Human:Digestive system:Large intestine:Sigmoid colon,BGI,2017-06-12T09:52:24
MGYS00002019,ERP104039,PRJEB22360,EMG produced TPA metagenomics assembly of the Dynamics and Stabilization of the Human Gut Microbiome during the First Year of Life (InfantGut) data set,gut,400,root:Host-associated:Human:Digestive system:Large intestine:Sigmoid colon,EMBL-EBI,2020-05-12T09:30:31
MGYS00006378,SRP319422,PRJNA729425,The role of respiratory microbiome in early bactericidal activity of anti-tuberculosis therapy and treatment outcome,respiratory,398,root:Host-associated:Human:Respiratory system:Pulmonary system:Sputum,Rhodes University,2023-09-02T23:21:44
MGYS00001705,ERP002061,PRJEB1220,A method for identifying metagenomic species and variable genetic elements by exhaustive co-abundance binning,gut,396,root:Host-associated:Human:Digestive system:Large intestine:Fecal,BGI,2017-04-24T14:29:11
MGYS00003468,ERP107929,PRJEB25962,EMG produced TPA metagenomics assembly of the A method for identifying metagenomic species and variable genetic elements by exhaustive co-abundance binning () data set.,gut,396,root:Host-associated:Human:Digestive system:Large intestine:Fecal,EMG,2024-01-23T15:36:44
MGYS00005266,SRP132490,PRJNA326441,human vaginal metagenome Genome sequencing and assembly,urogenital,394,root:Host-associated:Human:Reproductive system:Vagina,Virginia Commonwealth University,2020-02-10T11:04:28
MGYS00006320,SRP039515,PRJNA238324,Human airway Targeted Locus (Loci),oral,392,root:Host-associated:Human:Digestive system:Oral:Throat,University of Colorado,2023-09-01T19:48:53
MGYS00002425,ERP106708,PRJEB24849,EMG produced TPA metagenomics assembly of the Metagenomic sequencing of preterm infant gut microbiota raw sequence reads () data set.,gut,387,root:Host-associated:Human:Digestive system:Large intestine|root:Host-associated:Human:Digestive system:Large intestine:Fecal,EMBL-EBI,2024-02-02T21:05:36
MGYS00006408,SRP065274,PRJNA299510,Pathogensis of Obstruction/Emphysema and the Microbiome in HIV Targeted Locus (Loci),respiratory,378,root:Host-associated:Human:Respiratory system:Pulmonary system|root:Host-associated:Human:Respiratory system:Pulmonary system:Lung,New York University,2023-09-03T11:41:55
MGYS00000314,SRP008047,,BGI Type 2 Diabetes study,gut,370,root:Host-associated:Human:Digestive system:Large intestine,BGI,2016-01-20T14:12:06
MGYS00005285,ERP112428,PRJEB30046,EMG produced TPA metagenomics assembly of the A metagenome-wide association study of gut microbiota in type 2 diabetes. (gut metagenome) data set.,gut,369,root:Host-associated:Human:Digestive system:Large intestine,EMG,2020-05-17T23:01:35
MGYS00004728,SRP057027,,"Inflammation, Antibiotics, and Diet as Concurrent Environmental Stressors of the Gut Microbiome in Pediatric Crohn's Disease",gut,369,root:Host-associated:Human:Digestive system:Large intestine:Fecal,UPENNBL,2019-05-14T09:59:32
MGYS00006387,SRP334144,PRJNA757607,Oral microbes contribute to the majority of lung microbiota and indicate lung health,respiratory,353,root:Host-associated:Human:Respiratory system:Nasopharyngeal,Sun Yat-sen University,2023-09-03T01:24:08
MGYS00006520,SRP200046,PRJNA545477,"Lung and gut microbiota are altered by hyperoxia and contribute to oxygen-induced lung injury, part III",respiratory,352,root:Host-associated:Human:Respiratory system:Pulmonary system:Lung,University of Michigan,2023-09-25T21:05:23
MGYS00001255,SRP068240,PRJNA307231,Human feces metagenome 16s rDNA sequencing,gut,350,root:Host-associated:Human:Digestive system:Large intestine:Fecal,IrsiCaixa Foundation,2024-01-12T14:01:54
MGYS00006522,SRP425510,PRJNA940725,LHMP - 16S V4 Sequencing of BAL/OW/IS samples on MiSeq Platform,respiratory,342,root:Host-associated:Human:Respiratory system:Pulmonary system:Lung,University of Pittsburgh,2023-09-26T10:35:30
MGYS00006270,ERP113122,PRJEB30646,Large multicentred study of cystic fibrosis sputum from patients across 11 sites in Europe and the USA.,respiratory,336,root:Host-associated:Human:Respiratory system:Pulmonary system:Sputum,"NATIONAL HEART AND LUNG INSTITUTE, IMPERIAL COLLEGE LONDON",2023-08-03T00:27:34
MGYS00002045,ERP104209,PRJEB22528,EMG produced TPA metagenomics assembly of the Microbial composition of samples from infant gut (human gut metagenome) data set,gut,325,root:Host-associated:Human:Digestive system:Large intestine,EMBL-EBI,2021-10-22T18:11:17
MGYS00001069,SRP015828,PRJNA175553,Eco-pathogenomics of chlamydial infection: The role of the vaginal microbiota,urogenital,325,root:Host-associated:Human:Reproductive system:Vagina,UMIGS,2016-06-13T10:59:40
MGYS00006563,ERP138314,PRJEB53514,EMG produced TPA metagenomics assembly of PRJEB42399 data set (Shared signatures and divergence in skin microbiomes of children with atopic dermatitis and their adult caregivers).,skin,325,root:Host-associated:Human:Skin,EMG,2024-01-31T22:34:26
MGYS00006336,SRP235175,PRJNA594304,Nontuberculous mycobacteria disease in cystic fibrosis,respiratory,318,root:Host-associated:Human:Respiratory system:Pulmonary system:Sputum,University of Michigan Medical School,2023-09-01T22:26:19
MGYS00002338,ERP106359,PRJEB24529,"EMG produced TPA metagenomics assembly of the Liver cirrhosis occurs as a consequence of many chronic liver diseases that are prevalent worldwide. Previous studies have shown an association between the gut microbiota and liver complications such as cirrhosis and other liver injuries. We therefore undertook a whole gut microbiome wide association study of stool samples from 98 liver cirrhosis patients and 83 healthy controls to characterise the faecal microbial communities and their functional composition. In total, we generated 860 Gb of high-quality sequence data and built a reference gene set for the liver cirrhosis cohort containing 2.69 million genes, 36.1% of which was not covered by previously published gene catalogues. (Mgwas study of LC) data set.",gut,305,root:Host-associated:Human:Digestive system:Large intestine:Fecal,EMBL-EBI,2025-04-09T13:01:48
MGYS00006287,ERP010734,PRJEB9607,16S rRNA gene sequences of human airway microbiota,respiratory,304,root:Host-associated:Human:Respiratory system:Pulmonary system:Sputum,SNU,2023-08-24T19:14:12
MGYS00005129,ERP109659,PRJEB27564,Gut microbiota in Parkinson's disease: temporal stability and disease progression,gut,300,root:Host-associated:Human:Digestive system:Large intestine:Fecal,UH/IB,2019-11-14T17:11:09
MGYS00006461,SRP077571,PRJNA303190,direct sequencing of 16S rRNA V3-V4 region of lung tissue from lung cancer patients raw sequence reads,respiratory,298,root:Host-associated:Human:Respiratory system:Pulmonary system:Lung,National Cancer Institute,2023-09-25T11:47:17
MGYS00006285,ERP110805,PRJEB28588,The lung microbiome in young children with cystic fibrosis: a longitudinal cohort study,respiratory,297,root:Host-associated:Human:Respiratory system:Pulmonary system:Lung,TEAGASC,2023-09-01T19:05:59
MGYS00005282,ERP003612,PRJEB4336,Richness of human gut microbiome correlates with metabolic markers,gut,292,root:Host-associated:Human:Digestive system:Large intestine,BGI,2020-01-22T18:30:38
MGYS00005860,SRP069019,PRJNA301903,Metagenomic sequencing of preterm infant gut microbiota raw sequence reads,gut,291,root:Host-associated:Human:Digestive system:Large intestine|root:Host-associated:Human:Digestive system:Large intestine:Fecal,Washington University in St. Louis,2021-12-02T17:51:56
MGYS00005281,ERP111902,PRJEB29588,EMG produced TPA metagenomics assembly of the Richness of human gut microbiome correlates with metabolic markers (MetaHIT-Richness) data set.,gut,290,root:Host-associated:Human:Digestive system:Large intestine,EMG,2020-05-14T12:19:16
MGYS00001068,ERP012926,PRJEB11529,"Temporal stability of the oral microbiota: A longitudinal study of the dental, tongue, and salivary bacterial consortia",oral,287,root:Host-associated:Human:Digestive system:Oral,UNIVERSITY OF WATERLOO,2016-06-13T10:46:58
MGYS00006122,SRP023503,PRJNA202975,Gut microbiota after dietary intervention,gut,283,root:Host-associated:Human:Digestive system:Large intestine:Fecal,Shanghai Jiao Tong University,2023-07-18T11:23:59
MGYS00002357,ERP001346,PRJEB2961,Nurture trumps nature in a longitudinal survey of salivary bacterial communities in twins from early adolescence to early adulthood,oral,278,root:Host-associated:Human:Digestive system:Oral:Saliva,CCME-COLORADO,2018-04-26T09:29:11
MGYS00006341,SRP252182,PRJNA611472,16S amplicon sequencing of sputa from tuberculosis patients,respiratory,273,root:Host-associated:Human:Respiratory system:Pulmonary system:Sputum,Ecole Polytechnique Federale de Lausanne,2023-09-02T00:25:18
MGYS00001257,SRP064846,PRJNA298590,Homo sapiens fecal microbiome transplant,gut,271,root:Host-associated:Human:Digestive system:Large intestine:Fecal,Alkek Center for Metagenomics and Microbiome Research,2019-11-07T16:53:15
MGYS00001248,SRP065497,PRJNA280026,Human gut environment Targeted loci environmental,gut,270,root:Host-associated:Human:Digestive system:Large intestine,The Chinese University of Hong Kong,2019-11-07T16:52:43
MGYS00006385,SRP332755,PRJNA754787,"Gastroesophageal reflux disease is associated with differences in the allograft microbiome, microbial density and inflammation in lung transplantation.",respiratory,270,root:Host-associated:Human:Respiratory system:Pulmonary system:Lung,University Health Network,2023-09-03T00:35:06
MGYS00006386,SRP333151,PRJNA756039,"Association of bacterial community types, functional microbial processes, and lung disease in cystic fibrosis airways",respiratory,269,root:Host-associated:Human:Respiratory system:Pulmonary system:Sputum,University of Michigan,2023-09-03T00:41:46
MGYS00001444,ERP021093,PRJEB19103,Gut microbiome from patients obtained by 16s rRNA sequencing.,gut,268,root:Host-associated:Human:Digestive system:Large intestine:Fecal,FIOCRUZ-MG,2017-02-09T13:34:39
MGYS00001251,SRP067629,PRJNA306615,Phage therapy in Bangladeshi children hospitalized with acute bacterial diarrhea,gut,264,root:Host-associated:Human:Digestive system:Large intestine:Fecal,Nestle Research Center,2016-10-04T16:26:08
MGYS00006264,ERP114687,PRJEB32061,Viral respiratory tract infections and oropharyngeal microbiome interactions in wheezing children,respiratory,261,root:Host-associated:Human:Respiratory system:Nasopharyngeal,"NATIONAL HEART AND LUNG INSTITUTE, IMPERIAL COLLEGE LONDON",2023-07-29T07:56:26
MGYS00005601,ERP113090,PRJEB30615,Identification of Intestinal Bacterial Taxa with a Potential Role in Parkinsons Disease using Illumina MiSeq and Ion Torrent Next Generation Sequencing,gut,260,root:Host-associated:Human:Digestive system:Large intestine:Fecal,Furtwangen University,2020-10-19T10:42:56
MGYS00003469,ERP108254,PRJEB26280,EMG produced TPA metagenomics assembly of the An integrated catalog of reference genes in the human gut microbiome (IGC) data set.,gut,260,root:Host-associated:Human:Digestive system:Large intestine:Fecal,EMG,2018-11-07T13:54:10
MGYS00000502,ERP010229,PRJEB9150,Gut microbial succession follows acute secretory diarrhea in humans,gut,260,root:Host-associated:Human:Digestive system|root:Host-associated:Human:Digestive system:Large intestine:Fecal|root:Host-associated:Human:Digestive system:Large intestine:Sigmoid colon,DUKE UNIVERSITY MEDICAL CENTER,2016-01-20T14:12:06
MGYS00002072,ERP019566,PRJEB17696,Longitudinal study of the diabetic skin and wound microbiome,skin,258,root:Host-associated:Human:Skin,The ithree institute,2017-11-27T14:44:28
MGYS00002222,SRP079702,PRJNA330897,human oral metagenome Metagenome,oral,250,root:Host-associated:Human:Digestive system:Oral,IrsiCaixa Foundation,2019-11-07T16:54:10
MGYS00005375,ERP114377,PRJEB31778,EMG produced TPA metagenomics assembly of the PRJEB9576 data set (Shotgun Metagenomics of 250 Adult Twins Reveals Genetic and Environmental Impacts on the Gut Microbiome).,gut,249,root:Host-associated:Human:Digestive system:Large intestine:Fecal,EMG,2020-05-21T15:43:18
MGYS00005376,ERP010700,PRJEB9576,Shotgun Metagenomics of 250 Adult Twins Reveals Genetic and Environmental Impacts on the Gut Microbiome,gut,248,root:Host-associated:Human:Digestive system:Large intestine:Fecal,BGI,2020-05-19T22:38:43
MGYS00005791,ERP127967,PRJEB43973,EMG produced TPA metagenomics assembly of PRJNA385949 data set (Longitudinal Stool Study of patients with IBD and controls).,gut,245,root:Host-associated:Human:Digestive system:Large intestine:Fecal,EMG,2025-08-23T22:08:39
MGYS00005338,ERP013562,PRJEB12123,Gut microbial dysbiosis in young adults with obesity,gut,244,root:Host-associated:Human:Digestive system:Large intestine:Fecal,BGI,2020-05-17T09:56:00
MGYS00005792,SRP108708,PRJNA385949,Longitudinal Stool Study of patients with IBD and controls,gut,244,root:Host-associated:Human:Digestive system:Large intestine:Fecal,Broad Institute,2021-10-06T12:12:40
MGYS00005333,ERP108859,PRJEB26832,EMG produced TPA metagenomics assembly of the Gut microbial dysbiosis in young adults with obesity (Gut microbial dysbiosis in young adults with obesity) data set.,gut,244,root:Host-associated:Human:Digestive system:Large intestine:Fecal,EMG,2024-06-28T21:01:05
MGYS00002154,SRP075100,PRJNA321534,Casey periodontitis 2016,oral,238,root:Host-associated:Human:Digestive system:Oral,Univeristy of Oklahoma,2019-11-07T16:53:48
MGYS00006339,SRP244353,PRJNA602744,Microbiome in Lung Explant: an IPF Study,respiratory,238,root:Host-associated:Human:Respiratory system:Pulmonary system:Lung,University of Pittsburgh Medical Center,2023-09-01T23:29:51
MGYS00006479,SRP107087,PRJNA378267,Respiratory Microbiota Metagenome,respiratory,234,root:Host-associated:Human:Respiratory system:Pulmonary system:Lung,Louisiana State University Health Sciences Center-New Orleans,2023-09-12T19:55:30
MGYS00006501,SRP135694,PRJNA437984,Analysis of the Cystic Fibrosis Lung Microbiota via Serial Illumina Sequencing,respiratory,231,root:Host-associated:Human:Respiratory system:Pulmonary system:Lung,University of Toronto,2023-09-26T10:31:21
MGYS00006519,SRP200043,PRJNA545494,"Lung and gut microbiota are altered by hyperoxia and contribute to oxygen-induced lung injury, part IV",respiratory,228,root:Host-associated:Human:Respiratory system:Pulmonary system:Lung,University of Michigan,2023-09-25T20:08:54
MGYS00002173,SRP060310,PRJNA274944,Subgingival samples from Healthy / Periodontitis subjects Targeted Locus (Loci),oral,224,root:Host-associated:Human:Digestive system:Oral:Subgingival plaque,National Tsing Hua University,2019-11-07T16:55:40
MGYS00000335,ERP003902,PRJEB4606,Diverse vaginal microbiomes in reproductive-age women with vulvovaginal candidiasis,urogenital,224,root:Host-associated:Human:Reproductive system:Vagina,SMU,2024-07-02T11:22:44
MGYS00005382,SRP066479,PRJNA300541,Antibiotic resistance exchange between microbiota in resource-poor settings in Latin America,gut,220,root:Host-associated:Human:Digestive system:Large intestine:Fecal,Washington University in St. Louis,2020-05-19T22:59:56
MGYS00005381,ERP116533,PRJEB33719,EMG produced TPA metagenomics assembly of the PRJNA300541 data set (Antibiotic resistance exchange between microbiota in resource-poor settings in Latin America).,gut,220,root:Host-associated:Human:Digestive system:Large intestine:Fecal,EMG,2020-05-21T03:45:46
MGYS00006463,SRP079927,PRJNA335418,Diversity and Dynamics of tracheal microbiota in patients with tracheostomy,respiratory,219,root:Host-associated:Human:Respiratory system:Pulmonary system:Trachea,mothur,2023-09-11T13:12:13
MGYS00006760,ERP148661,PRJEB63522,EMG produced TPA metagenomics assembly of PRJNA769968 data set (Probiotic consumption relieved Parkinson's disease via modulating the gut microbiota and neuroactive compounds).,gut,218,root:Host-associated:Human:Digestive system:Large intestine:Fecal,EMG,2025-04-25T17:45:21
MGYS00006013,SRP328679,PRJNA747262,Gut microbiome linked to SARS-CoV-2 infection and COVID-19 severity,gut,212,root:Host-associated:Human:Digestive system:Large intestine:Fecal,University Hospital Essen,2022-04-29T19:20:38
MGYS00005105,SRP173959,PRJNA510835,The impact of anthelmintic treatment on human gut microbiota in western Kenya: Cross-sectional and pre-post deworming comparisons,gut,211,root:Host-associated:Human:Digestive system:Large intestine:Fecal,NIAID Bioinformatics and Computational Biosciences Branch,2019-08-05T14:46:43
MGYS00001194,SRP075039,PRJNA321051,Alterations of the human gut microbiome in multiple sclerosis,gut,210,root:Host-associated:Human:Digestive system:Large intestine:Fecal,Brigham and Women's Hospital,2019-11-07T16:52:54
MGYS00001186,SRP070464,PRJNA311224,Capsule Patients,gut,207,root:Host-associated:Human:Digestive system:Large intestine:Fecal,University of Minnesota,2020-02-10T10:13:05
MGYS00002234,SRP058027,PRJNA282991,"UW - Children''s Health Cohort, Adult Participant''s Buccal Oral Microbiomes, 16S rDNA V5V6 PCR Sequences",oral,206,root:Host-associated:Human:Digestive system:Oral:buccal mucosa,University of Washington,2019-11-07T16:54:57
MGYS00001818,ERP022958,PRJEB20777,Impact of the Mk VI SkinSuit on skin microbiota of terrestrial volunteers and an International Space Station-bound astronaut,skin,204,root:Host-associated:Human:Skin,LSHTM,2017-06-16T11:39:52
MGYS00006506,SRP165913,PRJNA495633,Bronchoalveolar lavage lung microbiota in children with cystic fibrosis,respiratory,204,root:Host-associated:Human:Respiratory system:Pulmonary system:Lung,University of Washington School of Medicine,2023-09-25T16:53:09
MGYS00006409,SRP066375,PRJNA302453,A Multi-Center Study of the Lung Microbiome in Chronic Obstructive Pulmonary Disease,respiratory,203,root:Host-associated:Human:Respiratory system:Pulmonary system:Sputum,mothur,2023-09-03T11:04:01
MGYS00005755,SRP173877,PRJNA510730,Microbiota composition of Parkinson's disease patients in southern Italy,gut,202,root:Host-associated:Human:Digestive system:Large intestine:Fecal,University of Rome Tor Vergata,2021-06-28T16:49:35
MGYS00006529,SRP185921,PRJNA522449,Pathogenesis of Obstruction/Emphysema and the Microbiome MiSeq,respiratory,202,root:Host-associated:Human:Respiratory system:Pulmonary system:Lung,University of Pittsburgh,2023-09-26T20:19:20
MGYS00006305,ERP138360,PRJEB53549,Airway microbiota and inflammation under Lumacaftor-ivacaftor,respiratory,202,root:Host-associated:Human:Respiratory system:Pulmonary system:Sputum,CHU,2023-09-01T17:48:19
MGYS00006471,SRP100740,PRJNA362484,pulmonary capillary bronchitis Targeted loci environmental,respiratory,199,root:Host-associated:Human:Respiratory system:Pulmonary system:Lung,ShenZhen Children's Hospital,2023-09-11T14:32:20
MGYS00006825,ERP160132,PRJEB75554,EMG produced TPA metagenomics assembly of PRJNA715245 data set (human gut metagenome Metagenome).,gut,197,root:Host-associated:Human:Digestive system:Large intestine,EMG,2025-07-23T16:06:11
MGYS00001556,ERP015450,PRJEB13870,Dysbiosis of gut microbiota contributes to the pathogenesis of hypertension,gut,196,root:Host-associated:Human:Digestive system:Large intestine:Fecal,Beijing Chaoyang Hospita,2017-03-10T17:03:46
MGYS00002400,DRP003098,PRJDB4461,Comparison of DNA extraction methods for oral bacterial 16S rRNA-V4 sequencing using healthy Japanese adult samples,oral,194,root:Host-associated:Human:Digestive system:Oral:Supragingival plaque,TOHOKU,2018-06-08T14:27:28
MGYS00006499,SRP125799,PRJNA419860,Lung microbiota of C57BL/6J mice (Mus Musculus) Raw sequence reads,respiratory,194,root:Host-associated:Human:Respiratory system:Pulmonary system:Lung,University of Geneva,2023-09-25T13:53:45
MGYS00006262,ERP015681,PRJEB14074,Comparison of the upper and lower airway microbiota,respiratory,192,root:Host-associated:Human:Respiratory system:Nasopharyngeal,"NATIONAL HEART AND LUNG INSTITUTE, IMPERIAL COLLEGE LONDON",2023-07-26T10:22:34
MGYS00005218,SRP152889,PRJNA480312,16S rRNA Marker-gene survey Two-sample titration dataset,gut,192,root:Host-associated:Human:Digestive system:Large intestine:Fecal,National Institute of Standards and Technology,2020-05-10T12:53:35
MGYS00001209,ERP017054,PRJEB15334,Radcliffe dental calculus,oral,192,root:Host-associated:Human:Digestive system:Oral,UNIVERSITY OF OXFORD,2016-09-15T09:12:47
MGYS00000605,SRP056364,PRJNA278873,Skin microbiome in human volunteers inoculated with H. ducreyi Raw sequence reads,skin,191,root:Host-associated:Human:Skin,Indiana University School of Medicine,2019-11-07T16:56:10
MGYS00002961,ERP110418,PRJEB28237,Culture-enriched human gut microbiomes reveal core and accessory resistance genes,gut,191,root:Host-associated:Human:Digestive system:Large intestine:Fecal,CENTRE DE RECHERCHE EN INFECTIOLOGIE DE L'UNIVERSITE LAVAL,2018-09-10T08:42:42
MGYS00006261,ERP112293,PRJEB29934,"Oral, respiratory airway, and lung tissue bacterial microbiomes in stage I non-small cell lung cancer",respiratory,190,root:Host-associated:Human:Respiratory system:Pulmonary system:Lung,ROSWELL PARK CANCER INSTITUTE,2023-07-26T21:22:14
MGYS00006249,ERP129795,PRJEB45648,Immune dysregulation associated with respiratory illness in elite athletes,respiratory,188,root:Host-associated:Human:Respiratory system:Nasopharyngeal:Pharynx,"NATIONAL HEART AND LUNG INSTITUTE, IMPERIAL COLLEGE LONDON",2023-07-18T11:14:41
MGYS00005373,ERP114461,PRJEB31850,EMG produced TPA metagenomics assembly of the PRJEB12124 data set (Gut microbiome-dependent stratification of patients for anti-diabetic treatment).,gut,188,root:Host-associated:Human:Digestive system:Large intestine:Fecal,EMG,2020-05-21T15:48:59
MGYS00005374,ERP013563,PRJEB12124,Gut microbiome-dependent stratification of patients for anti-diabetic treatment,gut,187,root:Host-associated:Human:Digestive system:Large intestine:Fecal,BGI,2020-05-19T22:38:00
MGYS00006515,SRP193985,PRJNA539959,Human COPD lung microbiome,respiratory,186,root:Host-associated:Human:Respiratory system:Pulmonary system:Lung,University of Dundee,2023-09-25T18:53:12
MGYS00006483,SRP073159,PRJNA316126,The lung microbiota in COPD patients when clinically stable and during exacerbations.,respiratory,184,root:Host-associated:Human:Respiratory system:Pulmonary system:Sputum,University of Dundee,2023-09-25T11:46:49
MGYS00006514,SRP190506,PRJNA530763,Allergic inflammation impacts synergistic viral-bacterial infections in C57BL/6 mice,respiratory,184,root:Host-associated:Human:Respiratory system:Pulmonary system:Lung,St. Jude Children's Research Hospital,2023-09-25T18:33:07
MGYS00006288,ERP136881,PRJEB52183,Effects of postage on recovery of pathogens from cystic fibrosis respiratory samples,respiratory,184,root:Host-associated:Human:Respiratory system:Pulmonary system:Sputum,Manchester Metropolitan University,2023-09-01T17:43:16
MGYS00001985,ERP104047,PRJEB22368,EMG produced TPA metagenomics assembly of the Human Gut Microbiome in a Multiplex Family Study of Type 1 Diabetes Mellitus (human gut metagenome) data set,gut,184,root:Host-associated:Human:Digestive system|root:Host-associated:Human:Digestive system:Large intestine:Fecal,EMBL-EBI,2021-10-18T13:28:35
MGYS00006481,SRP108364,PRJNA388464,Mouse Lung Microbiome Heterogeneity Across Vendors,respiratory,183,root:Host-associated:Human:Respiratory system:Pulmonary system:Lung,University of Michigan,2023-09-12T02:39:12
MGYS00006485,SRP077299,PRJNA305936,Host Immune Response and Mortality Risk are  Related to Distinct Lung Microbiomes in  HIV-Pneumonia Patients,respiratory,182,root:Host-associated:Human:Respiratory system:Pulmonary system:Lung,University of California San Francisco,2023-09-27T08:59:48
MGYS00006275,ERP124015,PRJEB40386,nfection and rejection are the two most common complications after lung transplantation (LTx) and are associated with increased morbidity and mortality. We aimed to examine the association between airway microbiota and infection and rejection in lung transplant recipients (LTRs).,respiratory,181,root:Host-associated:Human:Respiratory system:Pulmonary system:Sputum,Southern Medical University,2023-09-01T16:30:17
MGYS00006454,SRP378933,PRJNA820972,"16S-based bacterial profiling of the microbiota associated with the bronchoalveolar lavage fluid of patients with COPD, healthy smokers and healthy controls. Targeted loci",respiratory,181,root:Host-associated:Human:Respiratory system:Pulmonary system:Lung,Telethon Kids Institute,2023-09-06T12:10:55
MGYS00006348,SRP282889,PRJNA664034,human lung metagenome Raw sequence reads,respiratory,179,root:Host-associated:Human:Respiratory system:Pulmonary system:Sputum,Universita degli studi di Milano,2023-09-02T02:25:28
MGYS00005102,ERP108413,PRJEB26427,Understanding the microbial basis of body odor in teenagers and kids,skin,179,root:Host-associated:Human:Skin,P&G Singapore Innovation Center,2020-02-07T20:22:49
MGYS00006120,SRP115494,PRJNA398089,Longitudinal Multi'omics of the Human Microbiome in Inflammatory Bowel Disease,gut,176,root:Host-associated:Human:Digestive system:Large intestine:Fecal,Harvard T.H. Chan School of Public Health,2023-03-09T10:35:56
MGYS00005386,ERP116476,PRJEB33666,EMG produced TPA metagenomics assembly of the PRJEB26427 data set (Understanding the microbial basis of body odor in teenagers and kids).,skin,175,root:Host-associated:Human:Skin,EMG,2020-05-21T05:55:45
MGYS00006797,ERP147940,PRJEB62820,EMG produced TPA metagenomics assembly of PRJEB47976 data set (Alzheimer signature in intestinal microbiome: Results from the AlzBiom study.).,gut,175,root:Host-associated:Human:Digestive system:Large intestine:Fecal,EMG,2025-04-09T12:11:43
MGYS00002396,DRP002688,PRJDB3518,Oral bacterial 16S rRNA-V4 sequencing of three Japanese adults sampled in multiple time points during a day,oral,170,root:Host-associated:Human:Digestive system:Oral:Supragingival plaque,TOHOKU,2018-06-08T11:50:04
MGYS00006531,SRP314565,PRJNA720544,SARS-CoV-2 genome sequencing and assembly from COVID-19 autopsy tissue specimens,respiratory,169,root:Host-associated:Human:Respiratory system:Pulmonary system:Lung,Broad Institute,2023-10-09T12:49:51
MGYS00006272,ERP117623,PRJEB34684,Low IgA associated with oropharyngeal microbiota changes and lung disease in primary antibody deficiency,respiratory,168,root:Host-associated:Human:Respiratory system:Nasopharyngeal:Pharynx,UMC Utrecht,2023-08-02T19:10:01
MGYS00006368,SRP043334,PRJNA252825,Human airway Targeted Locus (Loci),respiratory,168,root:Host-associated:Human:Respiratory system:Pulmonary system:Sputum,University of Colorado,2023-09-02T21:08:18
MGYS00006220,SRP347452,PRJNA781978,Microbiota Brain Axis in Alzheimers Disease MIND Diet Induced Effects,gut,167,root:Host-associated:Human:Digestive system:Large intestine:Fecal,Rush University,2023-07-18T11:40:31
MGYS00006451,SRP247553,PRJNA605315,Bacterial microbiome of sputum samples from patients with bronchiectasis recruited in stable state,respiratory,167,root:Host-associated:Human:Respiratory system:Pulmonary system:Sputum,Universita degli studi di Milano,2023-09-06T11:18:52
MGYS00001803,ERP022894,PRJEB20721,"Low FODMAP diet and probiotics in irritable bowel syndrome: a 2x2 factorial design, randomised, placebo-controlled trial",gut,167,root:Host-associated:Human:Digestive system:Large intestine:Fecal,FONDAZIONE EDMUND MACH,2017-06-12T13:48:04
MGYS00006452,SRP072013,PRJNA311065,The respiratory tract microbiome in children with Cystic Fibrosis,respiratory,166,root:Host-associated:Human:Respiratory system:Pulmonary system:Lung,McDonnell Genome Institute - Washington University School of Medicine,2023-09-06T11:17:47
MGYS00002216,SRP013615,PRJNA167398,Effect of oral immunization with the Ty21a typhoid vaccine on local and systemic immune responses and the gut microbiota in adults,gut,162,root:Host-associated:Human:Digestive system:Large intestine:Fecal,UMIGS,2018-02-14T13:47:08
MGYS00002256,SRP035877,PRJNA236367,"Omnivorous, vegetarian and vegan saliva Targeted Locus (Loci)",oral,161,root:Host-associated:Human:Digestive system:Oral:Saliva,univ. di napoli federico II - dipartimento di agraria,2019-11-07T16:55:14
MGYS00006527,SRP216282,PRJNA555084,Augmentation of Standard Clinical Microbiological Culture with Next Generation Sequencing Improves Diagnosis in Bronchoalveolar Lavage Specimens,respiratory,160,root:Host-associated:Human:Respiratory system:Pulmonary system:Lung,University of Washington,2023-09-26T09:54:58
MGYS00005592,ERP119456,PRJEB36291,Defining the oral microbiome by Whole Genome Sequencing and resistome analysis: the complexity of the healthy picture,oral,160,root:Host-associated:Human:Digestive system:Oral,UNIVERSITA' DEGLI STUDI DI FERRARA,2020-08-20T23:43:34
MGYS00006364,ERP134534,PRJEB49987,EMG produced TPA metagenomics assembly of PRJEB36291 data set (Defining the oral microbiome by Whole Genome Sequencing and resistome analysis: the complexity of the healthy picture).,oral,160,root:Host-associated:Human:Digestive system:Oral,EMG,2024-03-28T09:36:00
MGYS00006495,SRP119252,PRJNA397867,Homo sapiens Raw sequence reads,respiratory,159,root:Host-associated:Human:Respiratory system:Pulmonary system:Lung,New York University School of Medicine,2023-09-25T12:38:51
MGYS00001279,ERP012549,PRJEB11199,Microbiota composition in Anorexia Nervosa patients before and after weight gain as compared to healthy controls,gut,158,root:Host-associated:Human:Digestive system:Large intestine:Fecal,MUMC,2016-10-21T14:05:15
MGYS00005742,DRP004306,PRJDB5860,Asian Microbiome Project,gut,158,root:Host-associated:Human:Digestive system:Large intestine:Fecal,"Lab. of Microbial Technology, Faculty of Agriculture, Kyushu University",2021-06-07T13:48:32
MGYS00006294,SRP254143,PRJNA615630,Lung microbiota in healthy lung transplant recipients,respiratory,158,root:Host-associated:Human:Respiratory system:Pulmonary system:Lung,University of Michigan,2023-09-01T23:43:25
MGYS00006511,SRP179511,PRJNA515255,Lung microbiota contribute to pulmonary inflammation and disease progression in pulmonary fibrosis,respiratory,158,root:Host-associated:Human:Respiratory system:Pulmonary system:Lung,University of Michigan,2023-09-25T17:39:17
MGYS00001212,SRP076281,PRJNA324825,A Longitudinal Study of Pediatric Subjects with Newly Diagnosed Inflammatory Bowel Disease,gut,158,root:Host-associated:Human:Digestive system:Large intestine:Fecal,Emory University,2019-11-07T16:53:00
MGYS00000942,ERP008640,PRJEB7703,The vaginal microbiome during pregnancy and the postpartum period in a European population.,urogenital,157,root:Host-associated:Human:Reproductive system:Vagina,CUSB-HM,2016-05-16T11:45:05
MGYS00001252,SRP067761,PRJNA306884,Managing human microbiomes: Explaining heterogeneous responses in butyrate to dietary supplementation with resistant starch,gut,157,root:Host-associated:Human:Digestive system:Large intestine:Fecal,University of Michigan,2016-10-04T16:29:21
MGYS00006396,SRP351044,PRJNA788785,Lung transplant microbiome,respiratory,156,root:Host-associated:Human:Respiratory system:Pulmonary system:Lung,Perelman School of Medicine at the University of Pennsylvania,2023-09-03T02:39:57
MGYS00002430,ERP107085,PRJEB25190,EMG produced TPA metagenomics assembly of the Gut microbiome development along the colorectal adenoma-carcinoma sequence (AT_CRC) data set.,gut,156,root:Host-associated:Human:Digestive system:Large intestine:Fecal,EMBL-EBI,2018-06-19T10:54:13
MGYS00001982,ERP104041,PRJEB22362,EMG produced TPA metagenomics assembly of the stool samples Raw sequence reads (stool) data set,gut,154,root:Host-associated:Human:Digestive system|root:Host-associated:Human:Digestive system:Large intestine:Fecal,EMBL-EBI,2020-05-17T23:37:55
MGYS00006482,SRP109319,PRJNA390681,microbial diversity in human respiratory tract,respiratory,152,root:Host-associated:Human:Respiratory system:Pulmonary system:Lung,"WeHealthGene Co., Ltd.",2023-09-12T08:35:36
MGYS00002174,SRP050141,PRJNA248613,Human oral microbiota in periodontitis and health,oral,150,root:Host-associated:Human:Digestive system:Oral,Shanghai Jiao Tong University,2019-11-07T16:53:58
MGYS00006399,SRP359154,PRJNA805069,Gut microbial signature in lung cancer patients highlights specific taxa as predictors for durable clinical benefit,gut,149,root:Host-associated:Human:Digestive system:Large intestine:Fecal,"Sheba Medical Center, Tel-Hashomer, Israel.",2023-09-03T03:10:49
MGYS00001650,ERP004264,PRJEB4927,Alterations of the Fecal Microbiome in Parkinson's Disease,gut,148,root:Host-associated:Human:Digestive system:Large intestine:Fecal,UH/IB,2017-03-24T16:27:56
MGYS00002269,SRP062274,PRJNA289294,Subgingival microbiome Metagenome,oral,147,root:Host-associated:Human:Digestive system:Oral:Subgingival plaque,Academic Centre for Dentistry Amsterdam,2019-11-07T16:55:48
MGYS00000322,ERP002469,PRJEB1786,"Gut metagenome in European women with normal, impaired and diabetic glucose control",gut,145,root:Host-associated:Human:Digestive system:Large intestine:Fecal,CHALMERS,2016-01-20T14:12:06
MGYS00000583,SRP058922,PRJNA285477,The oral microbiome in HIV infected individuals,oral,144,root:Host-associated:Human:Digestive system:Oral,Queen Mary University of London,2016-01-20T14:12:06
MGYS00005573,ERP122783,PRJEB39283,EMG produced TPA metagenomics assembly of PRJNA415710 data set (Elucidating the dandruff and non-dandruff scalp microbiome in Indian women and assessing the effect of coconut oil on it).,skin,143,root:Host-associated:Human:Skin,EMG,2020-08-04T17:41:33
MGYS00005574,SRP121403,PRJNA415710,Elucidating the dandruff and non-dandruff scalp microbiome in Indian women and assessing the effect of coconut oil on it,skin,142,root:Host-associated:Human:Skin,"Indian Institute of Science Education and Research, Bhopal",2020-08-04T13:21:50
MGYS00002267,SRP056328,PRJNA278076,Human Oral Swabs Raw sequence reads,oral,140,root:Host-associated:Human:Digestive system:Oral,Children's National Medical Center,2019-11-07T16:54:43
MGYS00006356,SRP293286,PRJNA679593,Bronchiectasis lung microbiome,respiratory,139,root:Host-associated:Human:Respiratory system:Pulmonary system:Sputum,University of Dundee,2023-09-02T04:43:37
MGYS00006381,SRP326288,PRJNA742244,Airway microbiomes from Portuguese patients with chronic lung disorders,respiratory,137,root:Host-associated:Human:Respiratory system:Pulmonary system:Lung,George Washington University,2023-09-02T23:22:04
MGYS00002361,SRP126531,PRJNA421776,Exercise frequency is associated with the oral microbiota of student athletes and non-athletes,oral,136,root:Host-associated:Human:Digestive system:Oral:Saliva,University of Wisconsin-Madison,2019-11-07T16:55:32
MGYS00006786,ERP147955,PRJEB62833,"EMG produced TPA metagenomics assembly of PRJEB50505 data set (Effect of a dairy-based product on sleep quality, stress, and gut-microbiota analyzed using shotgun metagenomics).",gut,134,root:Host-associated:Human:Digestive system:Large intestine:Fecal,EMG,2025-03-18T17:03:02
MGYS00006023,SRP350207,PRJNA787810,Observational Study on the Diagnostic Evaluation of the Intestinal Microbiota of Patients With COVID-19. (EDIFICE),gut,131,root:Host-associated:Human:Digestive system:Large intestine:Fecal,Luxia Scientific,2024-01-04T11:43:42
MGYS00006512,SRP180208,PRJNA515279,"Lung microbiota contribute to pulmonary inflammation and disease progression in pulmonary fibrosis, part 2",respiratory,130,root:Host-associated:Human:Respiratory system:Pulmonary system:Lung,University of Michigan,2023-09-25T17:40:33
MGYS00002415,ERP106599,PRJEB24748,EMG produced TPA metagenomics assembly of the Metagenomic analysis of fecal microbiome as a tool towards targeted non-invasive biomarkers for colorectal cancer (Metagenomic analysis of fecal microbiome as a tool towards targeted non-invasive biomarkers for colorectal cancer) data set.,gut,128,root:Host-associated:Human:Digestive system:Large intestine:Fecal,EMBL-EBI,2018-06-13T09:23:32
MGYS00001256,SRP064888,PRJNA298960,Modulation of the infant gut microbiota by a starter infant formula containing a synbiotic of bovine milk-derived oligosaccharides and Bifidobacterium animalis subsp. lactis CNCM I-3446,gut,126,root:Host-associated:Human:Digestive system:Large intestine:Fecal,Nestle Research Center,2016-10-07T11:59:46
MGYS00006274,ERP117281,PRJEB34389,The lung microbiota in children with cystic fibrosis captured by induced sputum sampling,respiratory,125,root:Host-associated:Human:Respiratory system:Pulmonary system:Lung,CARDIFF UNIVERSITY,2023-09-01T15:25:24
MGYS00000467,ERP000108,PRJEB2054,A human gut microbial gene catalog established by deep metagenomic sequencing (MetaHIT),gut,124,root:Host-associated:Human:Digestive system:Large intestine:Fecal,BGI,2016-01-20T14:12:06
MGYS00005378,SRP056054,PRJNA231909,"A prospective, longitudinal analysis of the developing gut microbiome in infants en route to type 1 diabetes",gut,124,root:Host-associated:Human:Digestive system:Large intestine:Fecal,Broad Institute,2020-05-19T22:40:14
MGYS00005377,ERP114158,PRJEB31588,"EMG produced TPA metagenomics assembly of the PRJNA231909 data set (A prospective, longitudinal analysis of the developing gut microbiome in infants en route to type 1 diabetes).",gut,124,root:Host-associated:Human:Digestive system:Large intestine:Fecal,EMG,2020-05-21T20:49:33
MGYS00003575,ERP108138,PRJEB26165,EMG produced TPA metagenomics assembly of the C.diff FMT (human gut metagenome) data set.,gut,123,root:Host-associated:Human:Digestive system:Large intestine:Fecal,EMG,2024-01-10T13:47:15
MGYS00005336,SRP040146,PRJNA240307,C.diff FMT,gut,123,root:Host-associated:Human:Digestive system:Large intestine:Fecal,Broad Institute,2020-05-15T22:05:06
MGYS00005023,ERP109164,PRJEB27122,EMG produced TPA metagenomics assembly of the The gut microbiome in Crohn's disease and modulation by exclusive enteral nutrition (123CD-metagenomics) data set.,gut,122,root:Host-associated:Human:Digestive system:Large intestine:Fecal,EMG,2024-02-02T22:19:45
MGYS00006525,SRP213919,PRJNA553560,Lung Microbiota of Critically Ill Patients Receiving Mechanical Ventilation,respiratory,122,root:Host-associated:Human:Respiratory system:Pulmonary system:Lung,University of Michigan,2023-09-25T23:03:51
MGYS00006252,ERP014594,PRJEB13056,The dynamics of the pulmonary microbiome during mechanical ventilation in the intensive care unit and the association with occurrence of pneumonia.,respiratory,122,root:Host-associated:Human:Respiratory system:Pulmonary system:Trachea,"Academic Medical Center, University of Amsterdam",2023-07-18T11:26:40
MGYS00005702,ERP126051,PRJEB42213,EMG produced TPA metagenomics assembly of PRJNA389280 data set (Human gut metagenome and metatranscriptome in the inflammatory bowel disease (iHMP/HMP2)).,gut,121,root:Host-associated:Human:Digestive system:Large intestine:Fecal,EMG,2021-02-10T20:46:49
MGYS00006460,SRP072219,PRJNA316098,The Bacterial Topography of the Healthy Human Respiratory Tract,respiratory,121,root:Host-associated:Human:Respiratory system:Pulmonary system:Lung,mothur,2023-09-11T12:25:19
MGYS00005090,ERP115944,PRJEB33173,EMG produced TPA metagenomics fasta_path of the Longitudinal_Nasopharyngeal_Microbiome_Dynamics_in_Infants_from_the_Maela_ARI_Birth_Cohort (PRJEB25223) data set.,skin,120,root:Host-associated:Human:Skin:Naris,EMG,2019-07-17T14:45:04
MGYS00003478,ERP108251,PRJEB26277,EMG produced TPA metagenomics assembly of the Athlete Microbiome Project (AMP) (human gut metagenome) data set.,gut,120,root:Host-associated:Human:Digestive system:Large intestine:Fecal,EMG,2018-11-16T11:12:01
MGYS00006144,ERP141414,PRJEB56464,"EMG produced TPA metagenomics assembly of PRJNA725899 data set (Metagenomic sequencing of wild rodent colon, cecum and faeces).",gut,120,root:Host-associated:Human:Digestive system:Large intestine,EMG,2023-04-20T19:34:05
MGYS00001168,ERP005184,PRJEB5760,Cervical microbiota analysis,urogenital,120,root:Host-associated:Human:Reproductive system:Vagina,NATIONAL CANCER CENTER (KOREA),2016-07-04T09:29:03
MGYS00006255,ERP020410,PRJEB18478,The Impact of Persistent Bacterial Bronchitis on the Pulmonary Microbiome of Children.,respiratory,119,root:Host-associated:Human:Respiratory system:Pulmonary system:Lung,"NATIONAL HEART AND LUNG INSTITUTE, IMPERIAL COLLEGE LONDON",2023-07-20T05:08:12
MGYS00001250,SRP067522,PRJNA306016,Metagenome from fecal samples collect from healty human subject during probiotic intervention trial,gut,118,root:Host-associated:Human:Digestive system:Large intestine:Fecal,University of Turin,2019-11-07T16:53:11
MGYS00006469,SRP096312,PRJNA360332,Longitudinal Sampling of the Lung Microbiota in Individuals with Cystic Fibrosis,respiratory,118,root:Host-associated:Human:Respiratory system:Pulmonary system:Lung,McMaster University,2023-09-11T13:51:51
MGYS00006257,ERP051557,PRJEB49208,Three dimensional cartography of microbiome and metabolome data onto radiological images of the human lung,respiratory,118,root:Host-associated:Human:Respiratory system:Pulmonary system:Lung,UCSDMI,2023-07-20T06:06:57
MGYS00006367,SRP044029,PRJNA254115,Human BAL Targeted Locus (Loci),respiratory,118,root:Host-associated:Human:Respiratory system:Pulmonary system:Lung,University of Colorado,2023-09-02T20:53:47
MGYS00002349,ERP108338,PRJEB26356,sputum from patients with severe asthma who received either placebo or azithromycin for 48 weeks,respiratory,118,root:Host-associated:Human:Respiratory system:Pulmonary system:Sputum,SAHMRI,2018-04-25T09:21:25
MGYS00006484,SRP076183,PRJNA324582,Lung microbiota in the acute respiratory distress syndrome,respiratory,118,root:Host-associated:Human:Respiratory system:Pulmonary system:Lung,mothur,2023-09-25T21:09:04
MGYS00006769,ERP147945,PRJEB62825,EMG produced TPA metagenomics assembly of PRJEB21612 data set (Alterations  of the gut microbiome  in hypertension).,gut,117,root:Host-associated:Human:Digestive system:Large intestine:Fecal,EMG,2025-03-14T09:47:51
MGYS00002275,SRP106767,PRJNA386079,Effect of chewing gum on the oral microbiome,oral,117,root:Host-associated:Human:Digestive system:Oral,Queen Mary University of London,2018-03-01T09:10:10
MGYS00005130,ERP112853,PRJEB30401,Gut Microbiome Alterations Drive Distinct Metabolic Expression Patterns in a Cohort of Italian Patients with Parkinson's Disease,gut,115,root:Host-associated:Human:Digestive system:Large intestine:Fecal,University of Cagliari,2019-11-14T18:41:31
MGYS00006518,SRP200040,PRJNA545314,"Lung and gut microbiota are altered by hyperoxia and contribute to oxygen-induced lung injury, part I",respiratory,113,root:Host-associated:Human:Respiratory system:Pulmonary system:Lung,University of Michigan,2023-09-25T19:26:50
MGYS00001190,SRP073722,PRJNA317493,Comparison of the fecal microbiota during variable collection and storage methods,gut,112,root:Host-associated:Human:Digestive system:Large intestine:Fecal,University of Michigan,2019-11-07T16:52:51
MGYS00001886,ERP015692,PRJEB14084,The_mechanism_of_nutritional_therapy_for_Paediatric_Crohn_s_disease,gut,111,root:Host-associated:Human:Digestive system:Large intestine:Fecal,SC,2017-07-12T14:46:03
MGYS00002238,SRP097646,PRJNA362687,Oral microbial changes in ASD children,oral,111,root:Host-associated:Human:Digestive system:Oral,Tongji University,2024-05-02T19:59:51
MGYS00006032,ERP135873,PRJEB51261,COVID-19 asthma microbiome,respiratory,111,root:Host-associated:Human:Respiratory system:Nasopharyngeal,WASHINGTON UNIVERSITY IN ST. LOUIS SCHOOL OF MEDICINE,2022-07-07T23:53:27
MGYS00002081,ERP105282,PRJEB23524,WGS data from FMT trial for the treatment of recurrent Clostridium difficile infection,gut,110,root:Host-associated:Human:Digestive system:Large intestine:Fecal,MIT,2017-12-13T09:21:01
MGYS00002417,ERP106618,PRJEB24766,"EMG produced TPA metagenomics assembly of the Reproducibility of associations between the human gut microbiome and colorectal cancer assessed in a patient population from Washington, DC, USA (Colorectal cancer and the human gut microbiome) data set.",gut,110,root:Host-associated:Human:Digestive system:Large intestine:Fecal,EMBL-EBI,2018-06-13T10:59:38
MGYS00005399,ERP116584,PRJEB33766,EMG produced TPA metagenomics assembly of the PRJNA485056 data set (Metagenomic sequencing of stool samples from rural communities from north-eastern Madagascar).,gut,110,root:Host-associated:Human:Digestive system:Large intestine:Fecal,EMG,2020-05-22T00:23:56
MGYS00006083,ERP113262,PRJEB30781,N/A,respiratory,109,root:Host-associated:Human:Respiratory system:Pulmonary system:Lung,"UNIVERSITY OF EAST ANGLIA, UK",2022-11-22T01:28:50
MGYS00005400,SRP156699,PRJNA485056,Metagenomic sequencing of stool samples from rural communities from north-eastern Madagascar,gut,109,root:Host-associated:Human:Digestive system:Large intestine:Fecal,University of Trento,2020-05-21T22:09:44
MGYS00005135,ERP005151,PRJEB5727,Flores_palm_EBI,skin,109,root:Host-associated:Human:Skin,CCME-COLORADO,2019-11-27T16:26:54
MGYS00006789,ERP148573,PRJEB63406,EMG produced TPA metagenomics assembly of PRJDB10829 data set (Generic sample from human gut metagenome).,gut,108,root:Host-associated:Human:Digestive system:Large intestine:Fecal,EMG,2025-03-21T00:37:42
MGYS00006567,ERP139818,PRJEB54956,EMG produced TPA metagenomics assembly of PRJEB40358 data set (Dysbiotic Lesional Microbiome with Filaggrin Missense Variants Associate with Atopic Dermatitis in India).,skin,108,root:Host-associated:Human:Skin,EMG,2024-01-11T11:37:02
MGYS00006787,ERP160127,PRJEB75549,EMG produced TPA metagenomics assembly of PRJNA893406 data set (human gut metagenome Raw sequence reads).,gut,108,root:Host-associated:Human:Digestive system:Large intestine:Fecal,EMG,2025-03-19T11:45:33
MGYS00006496,SRP122946,PRJNA415608,16S sequencing from human airway sites Raw sequence reads,respiratory,106,root:Host-associated:Human:Respiratory system:Pulmonary system:Lung,Minneapolis VA,2023-09-25T21:10:40
MGYS00006016,SRP307447,PRJNA703303,The gut microbiome 16s rDNA sequencing data of patients with COVID-19,gut,106,root:Host-associated:Human:Digestive system:Large intestine:Fecal,Zhejiang University,2022-05-13T16:48:31
MGYS00005037,SRP056821,PRJNA277905,Human Skin Microbiome Metagenome,skin,106,root:Host-associated:Human:Skin,Genome Institute of Singapore,2019-11-07T16:56:12
MGYS00002207,ERP106702,PRJEB24843,The intestinal microbiota predisposes to the occurrence of traveller's diarrhoea and to the carriage of multidrug-resistant Enterobacteriaceae after travelling to tropical regions.,gut,104,root:Host-associated:Human:Digestive system:Large intestine:Fecal,GUH,2018-02-14T10:32:15
MGYS00003441,SRP125313,PRJNA419097,human stool bacteria 16s rDNA v4 region sequencing,gut,104,root:Host-associated:Human:Digestive system:Large intestine:Fecal,The chinese university of Hong Kong,2019-11-07T16:53:25
MGYS00002233,SRP112540,PRJNA394711,Microbiome of Oral Leukoplakia,oral,103,root:Host-associated:Human:Digestive system:Oral,Trinity College Dublin,2019-11-07T16:54:23
MGYS00006391,SRP342537,PRJNA773392,Lung microbiome in non-small cell lung cancer,respiratory,103,root:Host-associated:Human:Respiratory system:Pulmonary system:Lung,Albert Einstein College of Medicine,2023-09-03T01:16:52
MGYS00006347,SRP273063,PRJNA647539,Microbiome of human lungs with aspergillosis infection,respiratory,103,root:Host-associated:Human:Respiratory system:Pulmonary system:Lung,Barcelona Supercomputing Center,2023-09-02T01:38:40
MGYS00003511,ERP108955,PRJEB26924,EMG produced TPA metagenomics assembly of the Integrated metabolomics and metagenomics analysis of plasma and urine identified microbial metabolites associated with coronary heart disease (CHD102-metagenomics) data set.,gut,102,root:Host-associated:Human:Digestive system:Large intestine:Fecal,EMG,2024-01-17T01:24:56
MGYS00006559,SRP331280,PRJNA752174,Influence of gut microbiota on short-term low carbohydrate diet intervention for weight loss therapy,gut,102,root:Host-associated:Human:Digestive system:Large intestine:Fecal,"Institute of Microbiology, GuangdongAcademy of Sciences",2023-12-21T11:28:40
MGYS00006502,SRP136124,PRJNA439311,MEU Manchester lung microbiome,respiratory,102,root:Host-associated:Human:Respiratory system:Pulmonary system:Lung,GlaxoSmithKline R&D,2023-09-25T15:49:48
MGYS00006790,ERP115080,PRJEB32399,Enrichment of the airway microbiome in people living with HIV with potential pathogenic bacteria despite antiretroviral therapy,respiratory,102,root:Host-associated:Human:Respiratory system,UCL Centre for Clinical Microbiology,2025-03-25T11:55:14
MGYS00005341,ERP016813,PRJEB15111,Integrated metabolomics and metagenomics analysis of plasma and urine identified microbial metabolites associated with coronary heart disease,gut,102,root:Host-associated:Human:Digestive system:Large intestine:Fecal,BGI,2020-05-17T10:03:25
MGYS00002224,SRP077982,PRJNA324274,human oral metagenome Raw sequence reads,oral,101,root:Host-associated:Human:Digestive system:Oral:Subgingival plaque,Universidade de Sao Paulo,2019-11-07T16:55:42
MGYS00006351,SRP285044,PRJNA665109,NEOSTAR Study: Non-small cell lung cancer treated with nivolumab or nivolumab plus ipilimumab,gut,101,root:Host-associated:Human:Digestive system:Large intestine:Fecal,MD Anderson Cancer Center,2023-09-02T02:51:50
MGYS00005098,SRP133226,PRJNA435265,Isolation and Identification of the Follicular Microbiome: Implications for Acne Research,skin,101,root:Host-associated:Human:Skin,Mount Sinai,2019-11-07T16:56:14
MGYS00006447,SRP389751,PRJNA865783,Lung Microbiota in Lung Transplant Recipients at CLAD Onset,respiratory,100,root:Host-associated:Human:Respiratory system:Pulmonary system:Lung,University of Michigan,2023-09-05T14:03:32
MGYS00006224,ERP137596,PRJEB52848,"The effect of nutritional intervention with lactoferrin, galactooligosacharides and vitamin D on the gut microbiota composition of healthy elderly women",gut,100,root:Host-associated:Human:Digestive system:Large intestine:Fecal,"WAGENINGEN UNIVERSITY, LABORATORY OF MICROBIOLOGY",2023-12-21T12:34:37
MGYS00002229,SRP051201,PRJNA269205,Human oral subgingival communities,oral,100,root:Host-associated:Human:Digestive system:Oral:Subgingival plaque,University of Florida,2019-11-07T16:55:44
MGYS00005591,ERP122744,PRJEB39250,Strongyle Infection and Gut Microbiota: Profiling of Resistant and Susceptible Horses Over a Grazing Season,gut,100,root:Host-associated:Human:Digestive system:Large intestine:Fecal,VETERINARY Faculty,2020-08-20T17:46:41
MGYS00006076,ERP140519,PRJEB55607,The effect of dietary bioactive on gut microbiome diversity (DIME) – a pilot study,gut,100,root:Host-associated:Human:Digestive system:Large intestine:Fecal,Quadram Institute Bioscience,2022-11-17T12:07:38
MGYS00006383,SRP331217,PRJNA752240,bacterial community diversity,respiratory,100,root:Host-associated:Human:Respiratory system:Pulmonary system:Lung,Beijing Chest Hospital,2023-09-02T23:48:15
MGYS00006811,ERP147961,PRJEB62839,EMG produced TPA metagenomics assembly of PRJEB52748 data set (Gut microbiome function and composition in infants from rural Kenya and association with human milk oligosaccharides).,gut,98,root:Host-associated:Human:Digestive system:Large intestine:Fecal,EMG,2025-05-30T22:05:05
MGYS00006464,SRP080867,PRJNA327258,sequencing for human-associated microbes by 16S rRNA gene Raw sequence reads,respiratory,97,root:Host-associated:Human:Respiratory system:Pulmonary system:Lung,National Cancer Institute,2023-09-11T12:50:17
MGYS00002411,ERP106357,PRJEB24527,EMG produced TPA metagenomics assembly of the human gut Metagenome (human gut metagenome) data set.,gut,97,root:Host-associated:Human:Digestive system:Large intestine:Fecal,EMBL-EBI,2018-06-12T16:26:26
MGYS00001295,ERP018577,PRJEB16723,Human skin bacterial and fungal microbiotas analyses,skin,96,root:Host-associated:Human:Skin,Universidade Federal do ABC,2020-03-13T13:24:24
MGYS00002139,ERP106237,PRJEB24411,DNA isolation and sampling kits comparison,gut,96,root:Host-associated:Human:Digestive system:Large intestine:Fecal,MASARYK UNIVERSITY,2018-01-22T09:08:29
MGYS00002210,ERP004294,PRJEB4953,"This study develops a framework for exploiting the oral microbiome for monitoring oral cancer development, progression and recurrence.",oral,96,root:Host-associated:Human:Digestive system:Oral,SECONDGENOME,2018-02-14T11:16:30
MGYS00003598,ERP107925,PRJEB25958,EMG produced TPA metagenomics assembly of the Human Skin Microbiome Metagenome (human skin metagenome) data set.,skin,94,root:Host-associated:Human:Skin,EMG,2020-05-28T13:57:02
MGYS00005358,SRP098507,PRJNA363080,stool samples Raw sequence reads,gut,94,root:Host-associated:Human:Digestive system:Large intestine:Fecal,Inova Translational Medicine Institute,2020-05-17T20:55:17
MGYS00006393,SRP346149,PRJNA780512,BreathDx - Diversity and composition of the lung microbiome in patients with suspected ventilator-associated pneumonia,respiratory,93,root:Host-associated:Human:Respiratory system:Pulmonary system:Lung,Amsterdam UMC - AMC location,2023-09-03T01:47:40
MGYS00002148,SRP026653,PRJNA210875,Bacterial community development in experimental gingivitis,oral,92,root:Host-associated:Human:Digestive system:Oral,King's College London,2019-11-07T16:53:43
MGYS00002436,ERP106707,PRJEB24848,EMG produced TPA metagenomics assembly of the Characterization of the distal gut microbiota in obese patients following a weight-loss intervention using whole metagenome shotgun sequencing (human gut metagenome) data set.,gut,92,root:Host-associated:Human:Digestive system:Large intestine:Fecal,EMBL-EBI,2018-06-21T11:06:12
MGYS00002038,ERP104200,PRJEB22519,EMG produced TPA metagenomics assembly of the Roux-en-Y gastric bypass surgery of morbidly obese patients shows swift and persistent changes of the individual gut microbiota (GBP) data set,gut,91,root:Host-associated:Human:Digestive system:Large intestine:Fecal,EMBL-EBI,2020-05-17T20:38:43
MGYS00006276,ERP128187,PRJEB44168,Oral microbiome data of never-smoking subjects with lung adenocarcinoma,oral,90,root:Host-associated:Human:Digestive system:Oral,Korea Food Research Institute,2023-08-04T23:14:44
MGYS00002277,SRP119591,PRJNA413647,Oral microbiome of young adults,oral,89,root:Host-associated:Human:Digestive system:Oral:Saliva,Zhejiang Chinese Medical University,2019-11-07T16:55:31
MGYS00003894,SRP158183,PRJNA486437,feces metagenome,gut,89,root:Host-associated:Human:Digestive system:Large intestine:Fecal,"National Institute of Parasitic Diseases, Chinese Center for Disease Control and Prevention",2019-11-07T16:53:31
MGYS00006641,ERP127228,PRJEB43277,EMG produced TPA metagenomics assembly of PRJNA547717 data set (human oral metagenome Raw sequence reads).,oral,88,root:Host-associated:Human:Digestive system:Oral,EMG,2024-03-28T13:09:42
MGYS00001280,ERP014628,PRJEB13092,Reduced diversity and altered composition of the gut microbiome in individuals with Myalgic Encephalomyelitis/ChronicFatigue Syndrome,gut,88,root:Host-associated:Human:Digestive system:Large intestine:Fecal,CORNELL,2016-10-21T14:08:13
MGYS00002146,SRP009299,,Distinct and Complex Bacterial Profiles in Human Periodontitis and Health  Revealed by 16S Pyrosequencing,oral,87,root:Host-associated:Human:Digestive system:Oral,Oak Ridge National Laboratory,2018-01-22T16:22:19
MGYS00002138,ERP106248,PRJEB24421,Effect of Yoga and low-FODMAP diet in the intestinal microbiota of patients with IBS,gut,86,root:Host-associated:Human:Digestive system:Large intestine:Fecal,TUM,2018-01-18T14:24:21
MGYS00006453,SRP361980,PRJNA811494,ITS2 and whole metagenomics from stool of human lung cancer patients from hungary,gut,86,root:Host-associated:Human:Digestive system:Large intestine:Fecal,Leibniz Institute for Natural Product Research and Infection Biology - Hans Knoell Institute (HKI),2023-09-06T12:44:03
MGYS00006805,ERP148499,PRJEB63337,EMG produced TPA metagenomics assembly of PRJDB9649 data set (Fecal microbiota transplantation alleviates diabetes peripheral neuropathy).,gut,86,root:Host-associated:Human:Digestive system:Large intestine:Fecal,EMG,2025-04-28T22:00:36
MGYS00006382,SRP326296,PRJNA741774,The airway microbiota of non-small-cell lung cancer patients and its relationship to tumor stage and EGFR gene mutation,respiratory,85,root:Host-associated:Human:Respiratory system:Pulmonary system:Sputum,"Nanfang Hospital, Southern Medical University, Guangzhou 510515, China",2023-09-02T23:30:35
MGYS00006574,ERP149395,PRJEB64259,EMG produced TPA metagenomics assembly of PRJEB42572 data set (Dental plaque microbiomes from hunter-gatherer and subsistence farmer populations in Cameroon).,oral,85,root:Host-associated:Human:Digestive system:Oral,EMG,2024-02-06T05:21:54
MGYS00006295,SRP036061,PRJNA234009,Effect of storage on the microbial community present in Cystic fibrosis sputum,respiratory,84,root:Host-associated:Human:Respiratory system:Pulmonary system:Sputum,CEH,2023-08-14T20:01:38
MGYS00006862,ERP175206,PRJEB92327,Metagenome assembly of PRJNA715245 data set (human gut metagenome Metagenome),gut,84,root:Host-associated:Human:Digestive system:Large intestine,EMG,2026-04-24T07:54:59
MGYS00006497,SRP124269,PRJNA415684,16S bacterial profiling in bronchoalveolar lavage fluid from patients with Cystic Fibrosis,respiratory,84,root:Host-associated:Human:Respiratory system:Pulmonary system:Lung,Curtin University,2023-09-25T12:56:40
MGYS00006755,SRP097190,PRJNA362214,gut metagenome Raw sequence reads,gut,83,root:Host-associated:Human:Digestive system:Large intestine:Fecal,University of Wisconsin - Madison,2025-03-06T17:20:59
MGYS00002397,ERP109116,PRJEB27076,Mucosal microbiome and 5-ASA concentration in the left hemicolon and rectum in patients with quiescent ulcerative colitis,gut,83,root:Host-associated:Human:Digestive system:Large intestine:Sigmoid colon,NTNU,2018-06-08T13:36:21
MGYS00002064,ERP105247,PRJEB23489,16S data from FMT trial for the treatment of recurrent Clostridium difficile infection,gut,83,root:Host-associated:Human:Digestive system:Large intestine:Fecal,MIT,2017-11-27T09:21:41
MGYS00006640,ERP150574,PRJEB65451,EMG produced TPA metagenomics assembly of PRJNA678453 data set (Species-specific gene expression of the oral microbiota in health and diesease).,oral,82,root:Host-associated:Human:Digestive system:Oral,EMG,2024-03-26T18:04:09
MGYS00002701,ERP110218,PRJEB28053,"Airway metagenome of children in Kilifi, Kenya",respiratory,82,root:Host-associated:Human:Respiratory system,KEMRI-Wellcome Trust Research Programme,2018-08-07T09:43:14
MGYS00006553,ERP152995,PRJEB67980,EMG produced TPA metagenomics assembly of PRJEB27928 data set (Meta-analysis of fecal metagenomes reveals global microbial signatures that are specific for colorectal cancer.).,gut,82,root:Host-associated:Human:Digestive system:Large intestine:Fecal,EMG,2024-01-09T03:36:29
MGYS00000351,ERP005185,PRJEB5761,Gut microbiota in chronic kidney disease,gut,81,root:Host-associated:Human:Digestive system:Large intestine:Fecal,SMU,2016-01-20T14:12:06
MGYS00006503,SRP144030,PRJNA450612,Lower respiratory microbiota from pediatric BAL samples,respiratory,81,root:Host-associated:Human:Respiratory system:Pulmonary system:Lung,Children's Hospital of Philadelphia,2023-09-25T15:52:16
MGYS00005327,ERP116614,PRJEB33795,EMG produced TPA metagenomics assembly of the PRJNA477326 data set (Identification of bloodstream pathogens in the gut microbiome).,gut,80,root:Host-associated:Human:Digestive system:Large intestine,EMG,2020-05-17T12:12:18
MGYS00002219,SRP097643,PRJNA362794,human oral  metagenome Raw sequence reads,oral,80,root:Host-associated:Human:Digestive system:Oral:buccal mucosa,"Ninth People's Hospital, School of Medicine, Shanghai Jiao Tong University",2019-11-07T16:54:54
MGYS00001210,SRP077632,PRJNA323360,Raw sequence reads of human sleep apnea patients gut microbiome,gut,79,root:Host-associated:Human:Digestive system:Large intestine:Fecal,Los Alamos National Laboratory,2019-11-07T16:52:56
MGYS00005346,SRP150988,PRJNA477326,Identification of bloodstream pathogens in the gut microbiome,gut,79,root:Host-associated:Human:Digestive system:Large intestine,"Department of Medicine, Stanford University",2020-05-17T11:22:59
MGYS00006380,SRP323777,PRJNA736821,Study of gut microbial diversity in lung cancer,gut,79,root:Host-associated:Human:Digestive system:Large intestine:Fecal,Zhejiang Chinese Medical University,2023-09-02T22:46:00
MGYS00001541,SRP045568,PRJNA258387,Fecal microbiota of toddlers Metagenome,gut,78,root:Host-associated:Human:Digestive system:Large intestine:Fecal,The Ohio State University,2019-11-07T16:53:18
MGYS00006326,SRP041659,PRJNA246158,Changes in the Lung Microbiome Following Lung Transplantation Include the Emergence of Two Distinct Pseudomonas Species with Distinct Clinical Associations,respiratory,78,root:Host-associated:Human:Respiratory system:Pulmonary system:Lung,University of Michigan,2023-09-01T20:06:03
MGYS00006268,ERP113517,PRJEB31011,Comparison of five DNA extraction and purification methods for microbiome characterization from the lung tissue.,respiratory,78,root:Host-associated:Human:Respiratory system:Pulmonary system:Lung,FISABIO,2023-08-02T16:43:44
MGYS00006426,SRP423066,PRJNA935808,Distinct community structures of the fungal microbiome and respiratory health in adults with cystic fibrosis,respiratory,78,root:Host-associated:Human:Respiratory system:Pulmonary system:Sputum,Children's Hospital of Philadelphia,2023-09-03T13:42:41
MGYS00006352,SRP285673,PRJNA666192,CF Sputum Microbiome Profiles Associated with Lung Function,respiratory,77,root:Host-associated:Human:Respiratory system:Pulmonary system:Sputum,Georgia Institute of Technology,2023-09-02T03:12:35
MGYS00002213,SRP008130,PRJNA73017,Oral cavity microbiome analysis vs. pneumonia risk,oral,76,root:Host-associated:Human:Digestive system:Oral,Yale University,2018-02-14T12:31:41
MGYS00006222,ERP118779,PRJEB35687,Gut microbiome alterations after high-fat low-carbohydrate weight reduction diet: pros and cons,gut,76,root:Host-associated:Human:Digestive system:Large intestine:Fecal,Competence Center of Food and Fermentation Technologies,2023-07-18T11:38:12
MGYS00006005,SRP354185,PRJNA795857,Characterization of the faecal microbiome of osteoporotic patients in Koreans,gut,76,root:Host-associated:Human:Digestive system:Large intestine:Fecal,Soonchunhyang University,2022-03-24T11:37:01
MGYS00006476,SRP188475,PRJNA516442,Depletion of human DNA from complex clinical samples for metagenomic sequencing,respiratory,76,root:Host-associated:Human:Respiratory system:Pulmonary system:Lung,University of Washington,2023-09-25T21:14:04
MGYS00000580,ERP013262,PRJEB11846,Gut microbiota of Juvenile Idiopathic arthritis,gut,75,root:Host-associated:Human:Digestive system:Large intestine:Fecal,UNIVERSITY OF FLORENCE,2024-01-08T11:25:05
MGYS00002434,ERP109375,PRJEB27307,DEHP Alters Gut Microbiota in Human Neonates,gut,75,root:Host-associated:Human:Digestive system:Large intestine:Fecal,TMU-RCCTM,2018-06-20T09:08:58
MGYS00006419,SRP386769,PRJNA859507,Dynamic changes of intestinal flora and metabolic function in patients with postoperative pneumonia after lung cancer surgery,gut,75,root:Host-associated:Human:Digestive system:Large intestine:Fecal,The Second Affiliated Hospital of Fujian University of Traditional Chinese Medicine,2023-09-03T13:10:07
MGYS00006418,SRP377736,PRJNA843353,lung cancer manifested as radiological ground-glass opacity Raw sequence reads,respiratory,74,root:Host-associated:Human:Respiratory system:Pulmonary system:Lung,"The First Affiliated Hospital, Zhejiang University School of Medicine",2023-09-03T12:58:20
MGYS00006513,SRP181201,PRJNA516455,Mycobiome of mock communities and the human lung.,respiratory,74,root:Host-associated:Human:Respiratory system:Pulmonary system:Lung,Public Health Ontario,2023-09-25T18:01:06
MGYS00001766,ERP023000,PRJEB20814,Clinical study of saliva metabolomics and microbiomics in respiratory diseases,oral,74,root:Host-associated:Human:Digestive system:Oral:Saliva,Aberystwyth University,2017-05-23T16:30:13
MGYS00006561,ERP141739,PRJEB56771,EMG produced TPA metagenomics assembly of PRJNA797778 data set (Vaginal Microbiome Research Consortium).,urogenital,74,root:Host-associated:Human:Reproductive system:Vagina,EMG,2023-12-29T03:28:35
MGYS00000521,ERP011562,PRJEB10326,The Effect of Propidium Monoazide Treatment on Identification of Bacterial Communities of Very Low Birth Weight Preterm Infant Faeces Analysed by 16s rRNA Gene Sequencing,gut,73,root:Host-associated:Human:Digestive system:Large intestine:Fecal,"NORTHUMBRIA UNIVERSITY, NEWCASTLE",2016-01-20T14:12:06
MGYS00005101,SRP057859,PRJNA281366,Skin metagenomes,skin,73,root:Host-associated:Human:Skin,University of Trento,2020-02-07T20:32:10
MGYS00004399,SRP067029,PRJNA304249,Shallow coastal lagoon Metagenome,gut,73,root:Host-associated:Human:Digestive system:Large intestine,University of Aveiro,2019-11-07T16:52:45
MGYS00006014,SRP329604,PRJNA726992,Upper respiratory microbiome during SARS-CoV-2,respiratory,73,root:Host-associated:Human:Respiratory system:Nasopharyngeal:Nasal cavity,Vanderbilt University Medical Center,2022-04-29T19:43:46
MGYS00001373,ERP020673,PRJEB18720,characterization of cervico-vaginal microbiota associated with HPV infection,urogenital,72,root:Host-associated:Human:Reproductive system:Female,UNIVERSITY OF FLORENCE,2017-01-05T10:44:20
MGYS00001175,ERP009131,PRJEB8094,The initial state of the human gut microbiome determines its reshaping by antibiotics,gut,72,root:Host-associated:Human:Digestive system:Large intestine:Fecal,UL,2016-07-25T09:22:54
MGYS00002188,ERP005509,PRJEB6047,Community structure analysis in chronic periodontitis and novel oral sampling sites for detecting disease indicators,oral,72,root:Host-associated:Human:Digestive system:Oral,UNIVERSITY OF WATERLOO,2018-02-05T09:54:27
MGYS00005619,ERP123477,PRJEB39906,EMG produced TPA metagenomics assembly of PRJEB8094 data set (The initial state of the human gut microbiome determines its reshaping by antibiotics).,gut,72,root:Host-associated:Human:Digestive system:Large intestine:Fecal,EMG,2020-11-10T23:08:23
MGYS00005392,ERP114010,PRJEB31446,EMG produced TPA metagenomics assembly of the PRJEB7772 data set (An analysis of the composition of viruses and bacteria in stool samples from IBD patients and healthy controls.).,gut,71,root:Host-associated:Human:Digestive system:Large intestine:Fecal,EMG,2020-05-22T02:15:18
MGYS00006271,ERP117039,PRJEB34172,Respiratory airway microbiomes in stage I non-small cell lung cancer,respiratory,71,root:Host-associated:Human:Respiratory system:Pulmonary system:Lung,ROSWELL PARK CANCER INSTITUTE,2023-08-02T17:40:41
MGYS00005569,SRP256368,PRJNA625082,"human oral microbiome, metagenomic assembly",oral,71,root:Host-associated:Human:Digestive system:Oral,Marine Biological Laboratory,2020-07-28T18:12:23
MGYS00006517,SRP200039,PRJNA545329,"Lung and gut microbiota are altered by hyperoxia and contribute to oxygen-induced lung injury, part II",respiratory,70,root:Host-associated:Human:Respiratory system:Pulmonary system:Lung,University of Michigan,2023-09-25T19:04:04
MGYS00006292,SRP248397,PRJNA606061,Gut microbiome predicts efficacy and immune-related toxicities of advanced non-small cell lung cancer patients treated with anti-PD-1/PD-L1 Ab-based immunotherapy,gut,70,root:Host-associated:Human:Digestive system:Large intestine:Fecal,CRCHUM,2023-08-14T19:31:30
MGYS00005816,ERP125466,PRJEB41655,EMG produced TPA metagenomics assembly of PRJEB8347 data set (Temporal and technical variability of human gut metagenomes).,gut,69,root:Host-associated:Human:Digestive system:Large intestine:Fecal,EMG,2021-10-20T08:44:05
MGYS00005817,ERP009422,PRJEB8347,Temporal and technical variability of human gut metagenomes,gut,69,root:Host-associated:Human:Digestive system:Large intestine:Fecal,EMBL - Germany,2021-10-17T23:23:37
MGYS00006814,ERP148607,PRJEB63459,EMG produced TPA metagenomics assembly of PRJNA862077 data set (gut metagenome and type-1 diabetes).,gut,68,root:Host-associated:Human:Digestive system:Large intestine:Fecal,EMG,2025-06-05T19:35:03
MGYS00002395,SRP123221,PRJNA416501,Hemoparo,oral,68,root:Host-associated:Human:Digestive system:Oral:Subgingival plaque,Universite de Rennes 1,2019-11-07T16:55:59
MGYS00006365,ERP141370,PRJEB56431,EMG produced TPA metagenomics assembly of PRJNA552294 data set (Subgingival metagenome of aggressive periodontitis).,oral,68,root:Host-associated:Human:Digestive system:Oral:Subgingival plaque,EMG,2023-09-02T10:50:52
MGYS00006815,ERP147808,PRJEB62692,"EMG produced TPA metagenomics assembly of PRJEB41539 data set (Alterations of gut microbiome, metabolome and lipidome in Takayasu arteritis).",gut,67,root:Host-associated:Human:Digestive system:Large intestine:Fecal,EMG,2025-06-03T13:23:52
MGYS00006375,SRP314488,PRJNA720126,Magnetic activated cell-sorting identifies a unique lung microbiome community associated with disease states,respiratory,67,root:Host-associated:Human:Respiratory system:Pulmonary system:Lung,University of Pittsburgh,2023-09-02T23:08:04
MGYS00006403,SRP368119,PRJNA824137,The microbiota of human lung of pulmonary tuberculosis,respiratory,67,root:Host-associated:Human:Respiratory system:Pulmonary system:Lung,Wuhan Jinyintan Hospital,2023-09-03T03:24:27
MGYS00006226,SRP343296,PRJNA774891,Effects of Dietary Fiber Intervention on Gut Microbiota in Healthy People,gut,67,root:Host-associated:Human:Digestive system:Large intestine:Fecal,Technical Univeristy of Munich,2023-12-21T13:33:23
MGYS00006308,ERP140580,PRJEB55657,EMG produced TPA metagenomics assembly of PRJNA576566 data set (metagenomic studies of vaginal microbiome in HPV16 infection).,urogenital,66,root:Host-associated:Human:Reproductive system:Vagina,EMG,2023-09-01T11:21:11
MGYS00002356,DRP003793,PRJDB4202,Oral bacterial 16S rRNA-V4 sequencing of four Japanese adults in multiple conditions of sample storage,oral,66,root:Host-associated:Human:Digestive system:Oral:Supragingival plaque,TOHOKU,2018-04-26T09:25:07
MGYS00002353,DRP002880,PRJDB3452,"Salivary microbiota of Japanese orally healthy adults, pool 5",oral,66,root:Host-associated:Human:Digestive system:Oral:Saliva,KYUSHU,2018-04-26T08:33:32
MGYS00006350,SRP284518,PRJNA664882,Microbial alteration of lower respiratory tract from critically ill patients with community-acquired pneumonia,respiratory,66,root:Host-associated:Human:Respiratory system:Pulmonary system:Lung,National Chiao Tung University,2023-09-02T02:29:20
MGYS00006327,SRP043676,PRJNA253931,Comparison of Bacterial Communities in Bronchoalveolar Lavage between a U.S. and Malawi Population.,respiratory,65,root:Host-associated:Human:Respiratory system:Pulmonary system:Lung,Indiana University Medical Center,2023-09-01T20:06:55
MGYS00006631,ERP150573,PRJEB65450,EMG produced TPA metagenomics assembly of PRJEB54966 data set (Papua New Guinean oral metagenomes).,oral,65,root:Host-associated:Human:Digestive system:Oral,EMG,2024-03-11T21:40:37
MGYS00005795,ERP128033,PRJEB44032,EMG produced TPA metagenomics assembly of PRJEB23524 data set (WGS data from FMT trial for the treatment of recurrent Clostridium difficile infection).,gut,64,root:Host-associated:Human:Digestive system:Large intestine:Fecal,EMG,2021-10-07T09:29:26
MGYS00003346,ERP108481,PRJEB26490,EMG produced TPA metagenomics assembly of the Human fecal microbiome before and after consumption of AH1206 - Raw sequence reads (human gut metagenome) data set.,gut,63,root:Host-associated:Human:Digestive system:Large intestine:Fecal,EMG,2018-10-25T18:57:36
MGYS00006494,SRP025173,PRJNA207555,"Human lung metagenome of 17 adult CF patients throughout the course of clinical exacerbation, treatment and recovery Targeted Locus (Loci)",respiratory,63,root:Host-associated:Human:Respiratory system:Pulmonary system:Lung,Marine Biological Laboratory,2023-09-25T11:44:35
MGYS00002354,DRP002882,PRJDB3451,"Salivary microbiota of Japanese orally healthy adults, pool 4",oral,63,root:Host-associated:Human:Digestive system:Oral:Saliva,KYUSHU,2018-04-26T09:00:41
MGYS00006500,SRP132446,PRJNA433469,Respiratory mycobiome and microbiome in cystic fibrosis,respiratory,62,root:Host-associated:Human:Respiratory system:Pulmonary system:Lung,GenoScreen,2023-09-25T14:12:46
MGYS00006468,SRP095245,PRJNA357622,Anaerobic bacteria fermentation products increase tuberculosis risk in antiretroviral treated HIV-infection Sequence,respiratory,62,root:Host-associated:Human:Respiratory system:Pulmonary system:Lung,New York University School of Medicine,2023-09-11T13:33:59
MGYS00003479,ERP106673,PRJEB24818,EMG produced TPA metagenomics assembly of the Evaluating the Potential of using Next-Generation Sequencing for Direct Clinical Diagnostics of Faecal Samples from Patients with Diarrhoea () data set.,gut,62,root:Host-associated:Human:Digestive system:Large intestine:Fecal,EMBL-EBI,2018-11-16T13:55:03
MGYS00002362,SRP127972,PRJNA421952,Combined analysis of the salivary microbiome and host defence peptides predicts dental disease,oral,61,root:Host-associated:Human:Digestive system:Oral:Saliva,FISABIO,2019-11-07T16:55:34
MGYS00005594,SRP276112,PRJNA649273,Kidney stone patient microbiome,gut,61,root:Host-associated:Human:Digestive system,University of Western Ontario,2020-09-07T20:32:49
MGYS00005411,ERP116015,PRJEB33242,EMG produced TPA metagenomics assembly of the PRJEB9524 data set (Expanded Enteric Virome and Altered Bacterial Microbiome in Acquired Immunodeficiency Syndrome).,gut,61,root:Host-associated:Human:Digestive system:Large intestine:Fecal,EMG,2020-05-22T01:37:38
MGYS00006807,ERP170897,PRJEB87702,Metagenome assembly of PRJNA1023929 data set (Fecal microbiota and metabolites in Irritable Bowel Syndrome),gut,60,root:Host-associated:Human:Digestive system:Large intestine:Fecal,EMG,2025-05-14T00:24:26
MGYS00002587,ERP109049,PRJEB27013,Microbiome of supragingival plaque from healthy volunteers,oral,60,root:Host-associated:Human:Digestive system:Oral:Supragingival plaque,Unilever,2018-07-23T14:49:32
MGYS00006508,SRP171599,PRJNA507734,Gut microbiota in lung cancer patients,respiratory,60,root:Host-associated:Human:Respiratory system:Pulmonary system:Lung,Harbin Medical University,2023-09-25T16:24:16
MGYS00005412,ERP010635,PRJEB9524,Expanded Enteric Virome and Altered Bacterial Microbiome in Acquired Immunodeficiency Syndrome,gut,60,root:Host-associated:Human:Digestive system:Large intestine:Fecal,WASHINGTON UNIVERSITY  SCHOOL OF MEDICINE,2020-05-22T00:51:47
MGYS00006614,ERP141818,PRJEB56856,EMG produced TPA metagenomics assembly of PRJNA470402 data set (human saliva metagenome Raw reads).,oral,60,root:Host-associated:Human:Digestive system:Oral:Saliva,EMG,2024-03-08T23:16:36
MGYS00006615,ERP141857,PRJEB56889,EMG produced TPA metagenomics assembly of PRJNA380727 data set (human saliva metagenome Raw sequence reads).,oral,60,root:Host-associated:Human:Digestive system:Oral:Saliva,EMG,2024-03-09T00:07:03
MGYS00006635,ERP151145,PRJEB66073,EMG produced TPA metagenomics assembly of PRJNA752888 data set (Longitudinal saliva bacteriome and early childhood caries).,oral,60,root:Host-associated:Human:Digestive system:Oral:Saliva,EMG,2024-03-15T15:28:50
MGYS00002431,ERP107086,PRJEB25191,EMG produced TPA metagenomics assembly of the The fecal microbiota in L-DOPA naive PD patients (PD-GER) data set.,gut,59,root:Host-associated:Human:Digestive system:Large intestine:Fecal,EMBL-EBI,2018-06-19T12:19:46
MGYS00003712,ERP019674,PRJEB17784,The fecal microbiota in L-DOPA naive PD patients,gut,59,root:Host-associated:Human:Digestive system:Large intestine:Fecal,EMBL,2019-01-10T13:56:10
MGYS00006290,SRP233398,PRJNA591377,"Lung microbiota of Mus musculus (C57BL/6J), Raw sequence reads",respiratory,58,root:Host-associated:Human:Respiratory system:Pulmonary system:Lung,University of Geneva,2023-09-01T21:15:18
MGYS00006304,ERP134910,PRJEB50340,lung microbiota and hypercapnic AECOPD,respiratory,58,root:Host-associated:Human:Respiratory system:Pulmonary system:Sputum,Centre de Recherche Cardio-Thoracique de Bordeaux,2023-09-01T16:54:53
MGYS00006223,SRP261866,PRJNA633107,"Modulatory Effects of Triphala and Manjistha Dietary Supplementation on Human Gut Microbiota: A Double-Blind, Randomized, Placebo-Controlled Pilot Study",gut,58,root:Host-associated:Human:Digestive system:Large intestine:Fecal,Sanford Burnham Prebys Medical Discovery Institute,2023-07-18T11:40:03
MGYS00006325,SRP041502,PRJNA245531,Bacteria Genome sequencing,respiratory,57,root:Host-associated:Human:Respiratory system:Pulmonary system:Sputum,University of Toronto,2023-09-01T19:44:54
MGYS00005086,ERP116046,PRJEB33269,EMG produced TPA metagenomics fasta_path of the Gut metagenomes of rural populations in Cameroon (PRJEB27005) data set.,gut,57,root:Host-associated:Human:Digestive system:Large intestine:Fecal,EMG,2019-07-17T11:28:33
MGYS00005357,SRP052307,PRJNA268964,Human Gut Microbiome Metagenome,gut,57,root:Host-associated:Human:Digestive system:Large intestine:Fecal,University of Oklahoma,2020-05-17T19:38:25
MGYS00006779,ERP148332,PRJEB63179,EMG produced TPA metagenomics assembly of PRJNA673918 data set (Shorgun metagenomics of T2DM human gut microbes associated with FMT).,gut,57,root:Host-associated:Human:Digestive system:Large intestine:Fecal,EMG,2025-03-15T03:06:53
MGYS00002217,SRP062418,PRJNA292800,Oral Microbiome Metagenome,oral,57,root:Host-associated:Human:Digestive system:Oral,University of Oklahoma,2019-11-07T16:54:04
MGYS00006642,ERP127229,PRJEB43278,EMG produced TPA metagenomics assembly of PRJDB5315 data set (Metgenomic analysis of human saliva microbiome from healthy subjects).,oral,57,root:Host-associated:Human:Digestive system:Oral:Saliva,EMG,2024-03-28T10:54:15
MGYS00005144,ERP118185,PRJEB35170,EMG produced TPA metagenomics assembly of PRJEB20800 data set (Gut resistome modulates resilience and recovery of gut microbiota after broad-spectrum antibiotic treatment).,gut,57,root:Host-associated:Human:Digestive system:Large intestine:Fecal,EMG,2020-05-28T19:23:56
MGYS00005693,ERP125117,PRJEB41354,EMG produced TPA metagenomics assembly of PRJEB28422 data set (The Salivary Microbiome in Health and Disease).,oral,56,root:Host-associated:Human:Digestive system:Oral:Saliva,EMG,2021-01-07T15:15:46
MGYS00000499,ERP007244,PRJEB7507,"The comparison of gut microbiota obtained from centenarian, elderly, and adults living in southwestern longevity belt in Korea",gut,56,root:Host-associated:Human:Digestive system:Large intestine:Fecal,CLM,2016-01-20T14:12:06
MGYS00006319,SRP032759,PRJNA200702,Three clinically distinct chronic pediatric airway infections share a common core microbiota,respiratory,56,root:Host-associated:Human:Respiratory system:Pulmonary system:Lung,"Department of Pediatrics, University of Washington",2023-09-02T02:44:03
MGYS00003148,ERP110943,PRJEB28700,A comprehensive analysis of the faecal microbiome and metabolome of Strongyloides stercoralis infected volunteers from a non-endemic area,gut,56,root:Host-associated:Human:Digestive system:Large intestine:Fecal,UNIVERSITY OF CAMBRIDGE,2018-10-04T11:55:12
MGYS00001832,ERP005269,PRJEB5834,Dynamics tracheal intubation airway microbiota of ventilated patients at continuous time points via metagenomic sequencing,respiratory,56,root:Host-associated:Human:Respiratory system:Pulmonary system,DRCCM,2017-06-20T14:22:17
MGYS00005694,ERP110622,PRJEB28422,The Salivary Microbiome in Health and Disease,oral,56,root:Host-associated:Human:Digestive system:Oral:Saliva,EMBL,2021-01-03T21:32:36
MGYS00003857,ERP016748,PRJEB15057,Whole-grain wheat consumption reduces inflammation in a randomized controlled trial on overweight and obese subjects with unhealthy dietary and lifestyle behaviors: role of polyphenols bound to cereal dietary fiber,oral,56,root:Host-associated:Human:Digestive system:Oral:Saliva,UCSDMI,2019-02-25T17:43:59
MGYS00006284,ERP124751,PRJEB41028,16S rRNA lung microbiota study in mechanically ventilated patient: a pilot study,respiratory,56,root:Host-associated:Human:Respiratory system:Pulmonary system:Lung,Universite Paris Diderot,2023-09-01T16:38:10
MGYS00002230,SRP067603,PRJNA306560,Human oral saliva Metagenome,oral,56,root:Host-associated:Human:Digestive system:Oral:Saliva,University of Oklahoma,2019-11-07T16:55:08
MGYS00006321,SRP039563,PRJNA238461,Human airway Targeted Locus (Loci),respiratory,56,root:Host-associated:Human:Respiratory system:Pulmonary system:Lung,University of Colorado,2023-09-01T18:56:22
MGYS00005516,ERP022986,PRJEB20800,Gut resistome modulates resilience and recovery of gut microbiota after broad-spectrum antibiotic treatment,gut,55,root:Host-associated:Human:Digestive system:Large intestine:Fecal,BGI,2020-05-28T18:09:50
MGYS00002418,ERP106627,PRJEB24775,EMG produced TPA metagenomics assembly of the Durable coexistence of donor and recipient strains after fecal microbiota transplantation (Impact of faecal microbiota transplantation on the intestinal microbiome in metabolic syndrome patients) data set.,gut,55,root:Host-associated:Human:Digestive system:Large intestine:Fecal,EMBL-EBI,2018-06-13T14:53:06
MGYS00006822,ERP148470,PRJEB63310,EMG produced TPA metagenomics assembly of PRJEB55713 data set (Child gut microbiome).,gut,55,root:Host-associated:Human:Digestive system:Large intestine:Fecal,EMG,2025-07-07T18:12:38
MGYS00006448,SRP397402,PRJNA880638,Lower respiratory tract microbiome composition and community interactions in smokers,respiratory,55,root:Host-associated:Human:Respiratory system:Pulmonary system:Lung,Florida International University,2023-09-05T14:17:45
MGYS00001420,ERP013827,PRJEB12357,Impact of faecal microbiota transplantation on the intestinal microbiome in metabolic syndrome patients,gut,55,root:Host-associated:Human:Digestive system:Large intestine:Fecal,EMBL HEIDELBERG,2017-01-16T10:00:36
MGYS00006436,SRP067346,PRJNA305886,Experimental sepsis and the lung microbiome at 24 hours,respiratory,54,root:Host-associated:Human:Respiratory system:Pulmonary system:Lung,mothur,2023-09-05T11:35:02
MGYS00006017,SRP330744,PRJNA750902,The salivary microbiome of COVID-19 inpatients and outpatients,oral,53,root:Host-associated:Human:Digestive system:Oral:Saliva,Humanitas Research Hospital,2022-05-13T17:22:15
MGYS00002480,ERP106326,PRJEB24497,Association of metformin administration with gut microbiome dysbiosis in healthy volunteers,gut,53,root:Host-associated:Human:Digestive system:Large intestine:Fecal,Latvian Biomedical Research and Study Centre,2018-07-02T15:00:37
MGYS00002334,ERP106364,PRJEB24534,EMG produced TPA metagenomics assembly of the Metagenomes from human infant fecal samples with and without necrotizing enterocolitis (human gut metagenome) data set.,gut,52,root:Host-associated:Human:Digestive system:Large intestine:Fecal,EMBL-EBI,2020-05-17T18:55:27
MGYS00006439,SRP069223,PRJNA290694,Taxonomic signatures of Cystic Fibrosis airway microbiota,respiratory,52,root:Host-associated:Human:Respiratory system:Pulmonary system:Sputum,University of Florence,2023-09-05T13:23:20
MGYS00002350,DRP002428,PRJDB2879,Salivary microbiota of orally healthy adults in South Korea,oral,52,root:Host-associated:Human:Digestive system:Oral:Saliva,KYUSHU,2018-04-26T08:20:07
MGYS00006358,SRP298878,PRJNA687143,Lung bacterial microbiome of critical COVID-19,respiratory,52,root:Host-associated:Human:Respiratory system:Pulmonary system:Lung,Wellmicro srl,2023-09-02T05:05:23
MGYS00002061,ERP104235,PRJEB22554,EMG produced TPA metagenomics assembly of the Increased intestinal microbial diversity following fecal microbiota transplant for active Crohn''s disease (human gut metagenome) data set,gut,52,root:Host-associated:Human:Digestive system:Large intestine:Fecal,EMBL-EBI,2024-05-13T20:09:07
MGYS00005350,SRP075633,PRJNA321058,Increased intestinal microbial diversity following fecal microbiota transplant for active Crohn''s disease,gut,52,root:Host-associated:Human:Digestive system:Large intestine:Fecal,The Broad Institute,2020-05-17T13:06:40
MGYS00006279,ERP134414,PRJEB49871,A multiomics study on the effects of TRIKAFTA on CF patients,respiratory,51,root:Host-associated:Human:Respiratory system:Pulmonary system:Sputum,UCSDMI,2023-08-05T21:13:35
MGYS00002351,DRP002429,PRJDB2878,"Salivary microbiota of Japanese orally healthy adults, pool 3",oral,51,root:Host-associated:Human:Digestive system:Oral:Saliva,KYUSHU,2018-04-26T08:22:34
MGYS00006509,SRP173779,PRJNA510549,16S rRNA gene sequencing of the pulmonary microbiota in sarcoidosis,respiratory,51,root:Host-associated:Human:Respiratory system:Pulmonary system:Lung,Chair for Clinical Bioinformatics,2023-09-25T16:54:29
MGYS00006335,SRP228286,PRJNA586768,Mycobiome characterization in Lung Cancer,oral,50,root:Host-associated:Human:Digestive system:Oral:Saliva,Instituto Ramon y Cajal de Investigacion Sanitaria,2023-09-01T21:01:35
MGYS00006346,SRP272470,PRJNA647170,Lung microbiome of non-small cell lung cancer,respiratory,50,root:Host-associated:Human:Respiratory system:Pulmonary system:Lung,Institute for Cellular and Intracellular Symbiosis,2023-09-02T01:12:53
MGYS00006246,ERP149135,PRJEB63986,Similarity and competitive microbiomes,respiratory,50,root:Host-associated:Human:Respiratory system:Pulmonary system:Lung|root:Host-associated:Human:Skin,Universidad Islas Baleares,2024-01-08T16:03:48
MGYS00002273,SRP077498,PRJNA326888,human oral metagenome Raw sequence reads,oral,50,root:Host-associated:Human:Digestive system:Oral,Medical University of Graz,2019-11-07T16:54:49
MGYS00006219,ERP137776,PRJEB53018,Healthy Finnish controls,gut,50,root:Host-associated:Human:Digestive system:Large intestine:Fecal,UNIVERSITY OF HELSINKI,2023-06-12T15:33:39
MGYS00006330,SRP057949,PRJNA281788,Endotracheal tube bilfilm Targeted Locus (Loci),respiratory,50,root:Host-associated:Human:Respiratory system:Pulmonary system:Trachea,CHCMU,2023-09-01T20:27:18
MGYS00001647,DRP001277,PRJDB2036,The prebiotic fructooligosaccharide modulates metabolic dynamics and IgA production in the human gut ecosystem,gut,49,root:Host-associated:Human:Digestive system:Large intestine:Fecal,Laboratory for Intestinal Ecosystem,2019-11-07T16:53:20
MGYS00006413,SRP326134,PRJNA742164,Lung fungal microbiome of critical COVID-19 patients,respiratory,49,root:Host-associated:Human:Respiratory system:Pulmonary system:Lung,Wellmicro srl,2023-09-03T11:52:07
MGYS00002177,SRP115612,PRJNA396275,Association between oral and gut microbiota in Periodontal Disease,gut,49,root:Host-associated:Human:Digestive system:Large intestine:Fecal,Massachusetts Institute of Technology,2019-11-07T16:53:22
MGYS00006648,ERP156480,PRJEB71693,Charachterization of skin microbiome in 16 individuals affected by Epidermolysis bullosa,skin,49,root:Host-associated:Human:Skin,UoB EBU,2025-05-29T13:37:54
MGYS00001648,DRP003095,PRJDB3864,lungbiome: Microbiome and cytokine signatures of bacterial pneumonia and tracheobronchitis,respiratory,49,root:Host-associated:Human:Respiratory system:Pulmonary system:Lung,J. Craig Venter Institute,2023-09-27T12:41:43
MGYS00006331,SRP060025,PRJNA288589,Human cystic fibrosis lung,respiratory,48,root:Host-associated:Human:Respiratory system:Pulmonary system:Lung,Marine Biological Laboratory,2023-09-01T20:41:42
MGYS00006636,ERP150575,PRJEB65452,EMG produced TPA metagenomics assembly of PRJNA932553 data set (Oral microbiome in periodontitis).,oral,48,root:Host-associated:Human:Digestive system:Oral,EMG,2024-03-15T20:36:54
MGYS00006394,SRP347299,PRJNA782662,Intestinal Akkermansia muciniphila predicts clinical response to PD-1 blockade in advanced non-small cell lung cancer patients.,gut,47,root:Host-associated:Human:Digestive system:Large intestine:Fecal,University of Trieste,2023-09-03T01:59:37
MGYS00005423,ERP115473,PRJEB32759,EMG produced TPA metagenomics assembly of the PRJNA413474 data set (MTR skin microbiome).,skin,47,root:Host-associated:Human:Skin,EMG,2020-05-22T08:27:53
MGYS00006221,ERP122530,PRJEB39062,Impact of a moderate caloric restriction on the gut microbiota composition and diversity of Italian obese patients,gut,46,root:Host-associated:Human:Digestive system:Large intestine:Fecal,University of Cagliari,2023-06-12T20:56:20
MGYS00006323,SRP040968,PRJNA243349,The effects of freeze thaw cycles on the microbial community present in sputum samples from the CF lung,respiratory,46,root:Host-associated:Human:Respiratory system:Pulmonary system:Sputum,CEH,2023-09-01T19:19:16
MGYS00006526,SRP214694,PRJNA554461,Metagenomic Identification of Severe Pneumonia Pathogens in Mechanically-Ventilated Patients,respiratory,46,root:Host-associated:Human:Respiratory system:Pulmonary system:Lung,University of Pittsburgh,2023-09-25T23:17:38
MGYS00006397,SRP354258,PRJNA795334,BALF microbial diversity of bronchiectasis patients,respiratory,46,root:Host-associated:Human:Respiratory system:Pulmonary system:Lung,The First Affiliated Hospital of Shandong First Medical Universtiy,2023-09-03T02:24:49
MGYS00006458,SRP015882,PRJNA172839,Human pulmonary secretions and tissue Targeted Locus (Loci),respiratory,46,root:Host-associated:Human:Respiratory system:Pulmonary system:Lung,Stanford University,2023-09-11T12:00:29
MGYS00005424,SRP119528,PRJNA413474,MTR skin microbiome,skin,46,root:Host-associated:Human:Skin,The University of Hong Kong,2020-05-22T02:22:31
MGYS00002259,SRP042281,PRJNA247490,Human saliva microbiota Targeted Locus (Loci),oral,45,root:Host-associated:Human:Digestive system:Oral:Saliva,University of Naples Federico II,2019-11-07T16:55:16
MGYS00006012,DRP008009,PRJDB12349,microbiome analysis for patietns with COVID-19,gut,45,root:Host-associated:Human:Digestive system:Large intestine:Fecal,"Division of Infectious Diseases, Advanced Clinical Research Center, Institute of medical science, The University of Tokyo",2022-04-29T15:28:44
MGYS00002358,DRP003845,PRJDB4192,Core function of microbiota in peri-implantitis and periodontitis,oral,44,root:Host-associated:Human:Digestive system:Oral:Subgingival plaque,KYOTO_GM,2018-04-26T09:53:43
MGYS00006628,ERP138504,PRJEB53689,EMG produced TPA metagenomics assembly of PRJEB51898 data set (Vaginal metagenome dataset of 47 healthy women).,urogenital,44,root:Host-associated:Human:Reproductive system:Vagina,EMG,2024-03-09T11:25:33
MGYS00002232,SRP103050,PRJNA380711,human oral metagenome,oral,44,root:Host-associated:Human:Digestive system:Oral,"Affiliated Hospital of Stomatology, College of Medicine, Zhejiang University",2019-11-07T16:54:21
MGYS00000350,ERP001956,PRJEB1775,Diagnostic Metagenomics: A Culture-Independent Approach to the Investigation of Bacterial Infections,gut,44,root:Host-associated:Human:Digestive system:Large intestine:Fecal,UB,2016-01-20T14:12:06
MGYS00006619,ERP141706,PRJEB56742,EMG produced TPA metagenomics assembly of PRJNA757683 data set (Apical Periodontitis).,oral,43,root:Host-associated:Human:Digestive system:Oral:Saliva,EMG,2024-03-09T00:47:09
MGYS00001071,SRP055567,PRJNA276631,"16S rRNA profiling of ""Allergy"" and ""Healthy"" human faecal samples",gut,43,root:Host-associated:Human:Digestive system:Large intestine:Fecal,University of Parma,2019-11-07T16:52:47
MGYS00002209,DRP002300,PRJDB2355,Identification of salivary microbiota associated with oral malodor using 16S pyrosequencing,oral,43,root:Host-associated:Human:Digestive system:Oral:Saliva,"Section of Preventive and Public Health Dentistry, Kyushu University Faculty of Dental Science",2019-11-07T16:55:04
MGYS00006422,SRP413524,PRJNA912734,Homo sapiens Raw sequence reads,respiratory,42,root:Host-associated:Human:Respiratory system:Pulmonary system:Lung,"Fondazione Policlinico Universitario Gemelli, IRCCS",2023-09-03T13:17:09
MGYS00006121,ERP142200,PRJEB57228,Dietary intervention of people with Parkinson's disease,gut,42,root:Host-associated:Human:Digestive system:Large intestine:Fecal,Quadram Institute Bioscience,2024-01-04T11:33:48
MGYS00001302,SRP029257,PRJNA216965,Dental Calculus Metagenome (archaeological),oral,41,root:Host-associated:Human:Digestive system:Oral,University of Oklahoma,2019-11-07T16:53:39
MGYS00000465,ERP008951,PRJEB7949,The fecal microbiome was studied in a group of IBD suffers and compared to a control group's fecal microbiome,gut,40,root:Host-associated:Human:Digestive system:Large intestine:Fecal,CUSB-HM,2016-01-20T14:12:06
MGYS00002237,SRP093358,PRJNA352375,Species within oral squamous cell carcinoma and control tissues -  Metagenome,oral,40,root:Host-associated:Human:Digestive system:Oral,Temple University,2019-11-07T16:54:27
MGYS00001863,ERP023694,PRJEB21446,Metatranscriptome reveals the function shifts of the vaginal microbiome during the treatment of bacterial vaginosis,urogenital,40,root:Host-associated:Human:Reproductive system:Vagina,HELMHOLTZ CENTRE FOR INFECTION RESEARCH,2017-07-03T09:05:11
MGYS00001099,ERP009053,PRJEB8022,The Effect of Probiotics with Antibiotics on Gut Microbiota during the Helicobacter Eradication: Randomized Controlled Trial,gut,40,root:Host-associated:Human:Digestive system:Large intestine:Fecal,CLM,2016-06-20T11:09:57
MGYS00006824,ERP147941,PRJEB62821,"EMG produced TPA metagenomics assembly of PRJEB52094 data set (In this study, we performed shotgun metagenomics sequencing on fecal DNA collected from 16 control subjects and 24 hemodialysis patients.).",gut,40,root:Host-associated:Human:Digestive system:Large intestine:Fecal,EMG,2025-07-07T23:05:46
MGYS00005425,ERP114883,PRJEB32232,EMG produced TPA metagenomics assembly of the PRJNA392180 data set (Seasonal Cycling in the Gut Microbiome of the Hadza Hunter-Gatherers of Tanzania).,gut,40,root:Host-associated:Human:Digestive system:Large intestine,EMG,2020-05-22T08:36:05
MGYS00001901,ERP024243,PRJEB21933,16S data - Multi-omics Differentially Classify Disease State and Treatment Outcome in Pediatric Crohn's Disease,gut,40,root:Host-associated:Human:Digestive system:Large intestine:Fecal,DALHOUSIE UNIVERSITY,2017-07-27T09:36:22
MGYS00002272,SRP073270,PRJNA292354,healthy and stomatitis denture microbiome,oral,40,root:Host-associated:Human:Digestive system:Oral:Subgingival plaque,UCLA School of Dentistry,2019-11-07T16:55:50
MGYS00002266,SRP051689,PRJNA271580,Development and pyrosequencing analysis of an in-vitro oral biofilm model,oral,39,root:Host-associated:Human:Digestive system:Oral,Queen Mary University of London,2019-11-07T16:54:41
MGYS00006332,SRP064237,PRJNA296567,human lung microbial metagenome,respiratory,39,root:Host-associated:Human:Respiratory system:Pulmonary system:Lung,Helmholtz Center Munich,2023-09-01T20:48:36
MGYS00005426,SRP110665,PRJNA392180,Seasonal Cycling in the Gut Microbiome of the Hadza Hunter-Gatherers of Tanzania,gut,39,root:Host-associated:Human:Digestive system:Large intestine,Stanford University,2020-05-22T02:23:16
MGYS00000943,ERP008707,PRJEB7756,Characterization of the vaginal microbiome in women with cervical intraepithelial neoplasia,urogenital,39,root:Host-associated:Human:Reproductive system:Vagina,CUSB-HM,2016-05-16T13:35:45
MGYS00002246,SRP020623,PRJNA196250,Transplantation-associated long-term immunosuppression promotes oral colonization by potentially opportunistic pathogens without impacting other members of the salivary bacteriome,oral,39,root:Host-associated:Human:Digestive system:Oral:Saliva,University of Connecticut,2019-11-07T16:55:12
MGYS00006507,SRP168445,PRJNA504944,Airway bacteria and P. aeruginosa pathogens under antibiotic therapy,respiratory,38,root:Host-associated:Human:Respiratory system:Pulmonary system:Lung,"CAU Kiel, Zoological Institute",2023-09-25T16:06:40
MGYS00002263,SRP047369,PRJNA261560,Saliva of human Targeted Locus (Loci),oral,38,root:Host-associated:Human:Digestive system:Oral,Northwest University for Nationalities,2019-11-07T16:54:38
MGYS00000307,ERP001706,PRJEB3206,Crohn's Disease viral and microbial metagenome,gut,38,root:Host-associated:Human:Digestive system:Large intestine:Fecal,CSISP,2016-01-20T14:12:06
MGYS00002419,ERP106644,PRJEB24791,EMG produced TPA metagenomics assembly of the Microbiome study of the RISK cohort (human gut metagenome) data set.,gut,38,root:Host-associated:Human:Digestive system:Large intestine:Fecal,EMBL-EBI,2018-06-14T08:50:55
MGYS00006438,SRP068430,PRJNA308759,The bronchial epithelial cell bacterial microbiome and host response in patients infected with human immunodeficiency virus,respiratory,38,root:Host-associated:Human:Respiratory system:Pulmonary system:Lung,mothur,2023-09-05T13:17:35
MGYS00006369,SRP057611,PRJNA282010,"Community dynamics and the lower airway microbiota in stable chronic obstructive pulmonary disease, smokers and healthy non-smokers",respiratory,38,root:Host-associated:Human:Respiratory system:Pulmonary system:Lung,Queen's University Belfast,2023-09-02T21:03:43
MGYS00002060,ERP104233,PRJEB22552,EMG produced TPA metagenomics assembly of the Human Gut Microbiome Metagenome (human gut metagenome) data set,gut,37,root:Host-associated:Human:Digestive system:Large intestine:Fecal,EMG,2017-11-24T16:47:08
MGYS00002352,DRP002430,PRJDB2877,"Salivary microbiota of Japanese orally healthy adults, pools 1 and 2",oral,37,root:Host-associated:Human:Digestive system:Oral:Saliva,KYUSHU,2018-04-26T08:29:51
MGYS00006324,SRP041296,PRJNA244556,Human airway Targeted Locus (Loci),respiratory,37,root:Host-associated:Human:Respiratory system:Pulmonary system:Sputum,University of Colorado,2023-09-01T19:29:36
MGYS00002165,SRP078943,PRJNA330533,Liyan_caries_2011,oral,37,root:Host-associated:Human:Digestive system:Oral,Univeristy of Oklahoma,2019-11-07T16:53:50
MGYS00006353,SRP287511,PRJNA669372,Gut and lung microbiota in RSV-infected mice and streptomycin-treatment mice,gut,37,root:Host-associated:Human:Digestive system:Large intestine:Fecal,China Medical University,2023-09-02T03:22:37
MGYS00006020,SRP341631,PRJNA726994,Upper respiratory microbiome during severe SARS-CoV-2 infection,respiratory,37,root:Host-associated:Human:Respiratory system:Nasopharyngeal,Vanderbilt University Medical Center,2022-05-23T16:33:48
MGYS00006516,SRP199424,PRJNA544655,Nasal sinuses and lung microbiome in cystic fibrosis patients.,respiratory,36,root:Host-associated:Human:Respiratory system:Pulmonary system:Lung,N.F.Gamaleya National Research Center for Epidemiology and Microbiology,2023-09-25T18:44:06
MGYS00006277,ERP133037,PRJEB48645,Lung microbiota but not mycobiota predicts day 28 mortality in critically ill influenza patients: a feasibility study,respiratory,36,root:Host-associated:Human:Respiratory system:Pulmonary system:Lung,CHU,2023-08-05T07:48:50
MGYS00005697,ERP126158,PRJEB42319,EMG produced TPA metagenomics assembly of PRJDB4115 data set (Metgenomic analysis of human saliva microbiome from healthy subjects).,oral,36,root:Host-associated:Human:Digestive system:Oral:Saliva,EMG,2021-01-19T00:20:47
MGYS00002677,ERP106631,PRJEB24779,EMG produced TPA metagenomics assembly of the preterm infant gut metagenomes (NIH Y4 Cohort) (human gut metagenome) data set.,gut,36,root:Host-associated:Human:Digestive system:Large intestine:Fecal,EMBL-EBI,2018-07-27T11:20:45
MGYS00005698,DRP003804,PRJDB4115,Metgenomic analysis of human saliva microbiome from healthy subjects,oral,35,root:Host-associated:Human:Digestive system:Oral:Saliva,"Laboratory of Metagenomics, Graduate School of Frontier Sciences, The University of Tokyo",2021-01-18T22:38:51
MGYS00006443,SRP312067,PRJNA717158,Influence of targeted therapy on the composition of the lung microbiome of patients with cystic fibrosis,respiratory,35,root:Host-associated:Human:Respiratory system:Pulmonary system:Lung,N.F.Gamaleya National Research Center for Epidemiology and Microbiology,2023-09-05T13:32:44
MGYS00003147,ERP024316,PRJEB21999,Infections by human gastrointestinal helminths are associated with changes in faecal microbiota diversity and composition,gut,35,root:Host-associated:Human:Digestive system:Large intestine:Fecal,UNIVERSITY OF CAMBRDGE,2018-10-04T11:23:20
MGYS00005805,ERP127951,PRJEB43961,EMG produced TPA metagenomics assembly of PRJEB1690 data set (This is a metagenomic study to investigate the microbial community and metabolic functions of Korean twin pairs.).,gut,35,root:Host-associated:Human:Digestive system:Large intestine:Fecal,EMG,2022-04-08T15:07:49
MGYS00006410,SRP067201,PRJNA305470,lung microbiome of  children with pneumonia,respiratory,34,root:Host-associated:Human:Respiratory system:Pulmonary system:Lung,Shenzhen Children's Hospital,2023-09-03T11:13:00
MGYS00006372,SRP310970,PRJNA714458,bacterial community diversity,respiratory,34,root:Host-associated:Human:Respiratory system:Pulmonary system:Lung,Beijing Chest Hospital,2023-09-02T21:17:29
MGYS00005806,ERP002391,PRJEB1690,This is a metagenomic study to investigate the microbial community and metabolic functions of Korean twin pairs.,gut,34,root:Host-associated:Human:Digestive system:Large intestine:Fecal,SNU,2021-10-08T16:37:35
MGYS00005034,ERP112251,PRJEB29894,EMG produced TPA metagenomics assembly of the Skin metagenomes (human skin metagenome) data set.,skin,33,root:Host-associated:Human:Skin,EMG,2020-06-16T10:42:56
MGYS00005443,ERP113996,PRJEB31435,EMG produced TPA metagenomics assembly of the PRJEB22882 data set (Taxonomic and gene content analysis of the bacterial viral metagenomes from the oral cavity from healthy youngsters in Valencia).,oral,33,root:Host-associated:Human:Digestive system:Oral,EMG,2020-05-22T08:48:24
MGYS00005684,ERP125620,PRJEB41785,EMG produced TPA metagenomics assembly of PRJNA628604 data set (Oral capsulized Fecal microbiota transplantation for eradication of carbapenemase-producing Enterobacteriaceae colonization with a metagenomic perspective).,gut,33,root:Host-associated:Human:Digestive system:Large intestine:Fecal,EMG,2020-12-24T13:25:35
MGYS00006466,SRP083112,PRJNA339813,Human sputum 16S rDNA profiles - children with cystic fibrosis,respiratory,32,root:Host-associated:Human:Respiratory system:Pulmonary system:Sputum,Charles University in Prague,2023-09-11T13:18:31
MGYS00005444,ERP104599,PRJEB22882,Taxonomic and gene content analysis of the bacterial viral metagenomes from the oral cavity from healthy youngsters in Valencia,oral,32,root:Host-associated:Human:Digestive system:Oral,FISABIO,2020-05-22T02:50:04
MGYS00000308,ERP001739,PRJEB3227,Follow-up of faecal microbiota in IBS patients,gut,32,root:Host-associated:Human:Digestive system:Large intestine:Fecal,CSISP,2016-01-20T14:12:06
MGYS00001303,ERP014351,PRJEB12831,A plaque on both your houses. Exploring the history of urbanisation and infectious diseases through the study of archaeological dental tartar,oral,31,root:Host-associated:Human:Digestive system:Oral,SC,2016-11-14T16:35:53
MGYS00005685,SRP258728,PRJNA628604,Oral capsulized Fecal microbiota transplantation for eradication of carbapenemase-producing Enterobacteriaceae colonization with a metagenomic perspective,gut,31,root:Host-associated:Human:Digestive system:Large intestine:Fecal,Technion - Israel Institute of Technology,2020-12-24T09:39:11
MGYS00001143,ERP016024,PRJEB14383,Oral microbiome samples from the Philippines,oral,31,root:Host-associated:Human:Digestive system:Oral:Saliva|root:Mixed,UCL,2016-06-27T14:48:14
MGYS00006473,SRP114665,PRJNA396749,Effects of silver nanoparticles on mouse lung microbiome,respiratory,30,root:Host-associated:Human:Respiratory system:Pulmonary system:Lung,mothur,2023-09-11T14:16:03
MGYS00001258,SRP067039,PRJNA305094,Targeted Gene amplicons raw sequence reads,gut,30,root:Host-associated:Human:Digestive system:Large intestine:Fecal,National Centre for Cell Science Pune,2019-11-07T16:53:16
MGYS00000526,ERP011526,PRJEB10296,Modulation of dyslipidemic children fecal microbial ecosystem by dietary intervention with hazelnuts as source of unsaturated fatty acids.,gut,30,root:Host-associated:Human:Digestive system:Large intestine:Fecal,Universita degli studi di Milano,2023-06-12T15:12:15
MGYS00006618,ERP141522,PRJEB56572,EMG produced TPA metagenomics assembly of PRJNA791464 data set (Oral saliva microorganisms in 3-year-old children with different caries risk).,oral,30,root:Host-associated:Human:Digestive system:Oral:Saliva,EMG,2024-03-08T23:12:05
MGYS00003487,ERP108880,PRJEB26857,EMG produced TPA metagenomics assembly of the Oral microbiome samples from the Philippines (Phillipines oral microbiome) data set.,oral,30,root:Host-associated:Human:Digestive system:Oral:Saliva|root:Mixed,EMG,2020-05-18T00:17:49
MGYS00006354,SRP287767,PRJNA668745,Gut microbiome is associated with exercise tolerance of resected early-stage lung cancer patients,gut,30,root:Host-associated:Human:Digestive system:Large intestine:Fecal,Leibniz Institute for Natural Product Research and Infection Biology - Hans Knoll Institute,2023-09-02T03:44:29
MGYS00006390,SRP340835,PRJNA770291,Characterization of the microbiota in the lower respiratory tract of Influenza A patients,respiratory,30,root:Host-associated:Human:Respiratory system:Pulmonary system:Lung,Instituto Nacional de Enfermedades Respiratorias (INER),2023-09-03T00:49:55
MGYS00006357,SRP297410,PRJNA683885,"Lung microbiome of chronic obstructive pulmonary disease patients in Tshwane, South Africa",respiratory,30,root:Host-associated:Human:Respiratory system:Pulmonary system:Sputum,University of Pretoria,2023-09-02T04:51:40
MGYS00002212,SRP000913,,Defining a core microbial community of healthy human oral cavity,oral,29,root:Host-associated:Human:Digestive system:Oral,MBL,2018-02-14T12:02:29
MGYS00003484,ERP111756,PRJEB29454,LSA-COMPARE FOOD TRIAL,gut,29,root:Host-associated:Human:Digestive system:Large intestine:Fecal,LSA-DISTAL-UNIBO,2018-11-20T12:34:31
MGYS00006256,ERP002060,PRJEB1219,The lung microbiota and bacterial abundance in patients with bronchiectasis when clinically stable and during exacerbation,respiratory,29,root:Host-associated:Human:Respiratory system:Pulmonary system:Sputum,QUB,2023-07-19T20:23:49
MGYS00006521,SRP211744,PRJNA550234,Analysis of the fetal lung microbiome,respiratory,28,root:Host-associated:Human:Respiratory system:Pulmonary system:Lung,Nanyang Technological University,2023-09-25T20:17:09
MGYS00001174,SRP033553,PRJNA230363,Oral Microbiome,oral,28,root:Host-associated:Human:Digestive system:Oral,"BIOLS, CAS",2019-11-07T16:53:35
MGYS00006765,ERP160150,PRJEB75578,EMG produced TPA metagenomics assembly of PRJNA664754 data set (Fecal metagenomes of healthy volunteers).,gut,28,root:Host-associated:Human:Digestive system:Large intestine:Fecal,EMG,2025-03-12T17:27:07
MGYS00003597,ERP108069,PRJEB26096,EMG produced TPA metagenomics assembly of the Oral Microbiome (human oral metagenome) data set.,oral,28,root:Host-associated:Human:Digestive system:Oral,EMG,2018-11-26T18:55:59
MGYS00001537,ERP021378,PRJEB19367,Analysis of stool samples from sickle cell disease patients and healthy controls,gut,28,root:Host-associated:Human:Digestive system:Large intestine:Fecal,HiThru Analytics,2017-02-22T16:16:11
MGYS00001987,ERP104069,PRJEB22389,EMG produced TPA metagenomics assembly of the Human gastric microbiome metagenome (human gut metagenome) data set,gut,27,root:Host-associated:Human:Digestive system:Intestine|root:Host-associated:Human:Digestive system:Large intestine,EMBL-EBI,2020-05-17T19:14:41
MGYS00003609,ERP108066,PRJEB26093,EMG produced TPA metagenomics assembly of the A plaque on both your houses: Exploring the history of urbanisation and infectious diseases through the study of archaeological dental tartar.,oral,27,root:Host-associated:Human:Digestive system:Oral,EMG,2018-11-28T13:28:52
MGYS00006480,SRP107187,PRJNA386984,Sputum microbiome in COPD patients,respiratory,27,root:Host-associated:Human:Respiratory system:Pulmonary system:Lung,Centre de Recherche de l'Institut Universitaire de Cardiologie et de Pneumologie de Quebec,2023-09-12T11:03:39
MGYS00005076,ERP106351,PRJEB24522,obesity_all,gut,27,root:Host-associated:Human:Digestive system:Large intestine:Fecal,UIC,2019-06-28T14:24:43
MGYS00006780,ERP160119,PRJEB75541,EMG produced TPA metagenomics assembly of PRJNA703034 data set (Metagenomics of Stool from ICU Patients).,gut,26,root:Host-associated:Human:Digestive system:Large intestine:Fecal,EMG,2025-03-15T12:28:01
MGYS00002265,SRP050196,PRJNA267644,Microcosm Targeted Locus (Loci),oral,26,root:Host-associated:Human:Digestive system:Oral,ACTA,2019-11-07T16:54:40
MGYS00006361,SRP302813,PRJNA693784,lung microbiota of patients S.aureus infection and COVID-19,respiratory,26,root:Host-associated:Human:Respiratory system:Pulmonary system:Lung,"Fondazione Policlinico Gemelli, IRCCS",2023-09-02T05:45:05
MGYS00006289,SRP230853,PRJNA590873,Lung microbiome in adult cystic fibrosis patients,respiratory,26,root:Host-associated:Human:Respiratory system:Pulmonary system:Lung,N.F.Gamaleya National Research Center for Epidemiology and Microbiology,2023-09-01T21:03:39
MGYS00006333,SRP219421,PRJNA561567,Stromal modulation through gastrointestinal microbial dysbiosis,gut,26,root:Host-associated:Human:Digestive system:Large intestine:Fecal,University of Arkansas for Medical Sciences,2023-09-01T20:48:19
MGYS00006498,SRP124904,PRJNA418003,Human Lung Metagenome Raw sequence reads,respiratory,26,root:Host-associated:Human:Respiratory system:Pulmonary system:Lung,"University of Nebraska,Lincoln",2023-09-25T12:46:48
MGYS00002248,SRP034724,PRJNA232543,Oral microbiome of leukemia patients,oral,26,root:Host-associated:Human:Digestive system:Oral,The West China Hospital of Stomatology,2019-11-07T16:54:31
MGYS00004708,ERP114688,PRJEB32062,Strain-Level Dynamics of the Lung Microbiome in Patients with Cystic Fibrosis,respiratory,25,root:Host-associated:Human:Respiratory system:Pulmonary system:Lung,"UNIVERSITY OF ZURICH, Institute of Molecular Life Sciences",2019-05-02T15:45:41
MGYS00006475,DRP007146,PRJDB11461,Lower airway microbiota in patients with clinically suspected Mycobacterium avium complex lung disease,respiratory,25,root:Host-associated:Human:Respiratory system:Pulmonary system:Trachea,"Internal medicine, Toho University Sakura Medical Center",2023-09-27T08:57:23
MGYS00006315,ERP141372,PRJEB56433,EMG produced TPA metagenomics assembly of PRJNA508385 data set (Comparative metagenomics reveals taxonomically idiosyncratic yet functionally congruent communities in periodontitis).,oral,25,root:Host-associated:Human:Digestive system:Oral:Subgingival plaque,EMG,2023-09-01T13:25:52
MGYS00000352,ERP005196,PRJEB5771,Human gut microbiota associated to Clostridium difficile infection,gut,25,root:Host-associated:Human:Digestive system:Large intestine:Fecal,CSISP,2016-01-20T14:12:06
MGYS00006470,SRP100072,PRJNA374847,human respiratory metagenome Targeted loci environmental,respiratory,24,root:Host-associated:Human:Respiratory system:Pulmonary system:Lung,University of Minnesota,2023-09-11T13:40:36
MGYS00003480,ERP108070,PRJEB26097,EMG produced TPA metagenomics assembly of the Choice of method for purification of bacterial DNA from faecal material influences community structure as detected by next generation sequencing (gut metagenome) data set.,gut,24,root:Host-associated:Human:Digestive system:Large intestine:Fecal,EMG,2018-11-16T14:34:11
MGYS00006444,SRP324096,PRJNA580164,Microbiome Raw sequence reads,respiratory,24,root:Host-associated:Human:Respiratory system:Pulmonary system:Lung,Institute of Pathogen Piology,2023-09-05T13:38:50
MGYS00000412,ERP007044,PRJEB7331,metagenomic analysis of human gut microbiome,gut,24,root:Host-associated:Human:Digestive system:Large intestine:Fecal,WTSI,2016-01-20T14:12:06
MGYS00002675,ERP107102,PRJEB25206,EMG produced TPA metagenomics assembly of the Oral microbiome Metagenome (human oral metagenome) data set.,oral,24,root:Host-associated:Human:Digestive system:Oral,EMBL-EBI,2024-05-28T16:10:03
MGYS00002359,ERP005514,PRJEB6052,Human identification through analysis of the salivary microbiome,oral,24,root:Host-associated:Human:Digestive system:Oral:Saliva,School of Criminal Justice,2018-04-26T09:58:58
MGYS00002220,SRP044345,PRJNA255332,Alcohol and tobacco consumption affects bacterial richness in oral cavity biofilms,oral,24,root:Host-associated:Human:Digestive system:Oral,AC Camargo Cancer Center,2019-11-07T16:54:08
MGYS00003475,SRP118697,PRJNA407815,Microbiome and Worm Infection,gut,24,root:Host-associated:Human:Digestive system:Large intestine:Fecal,McDonnell Genome Institute,2019-11-07T16:53:28
MGYS00005813,ERP127558,PRJEB43589,EMG produced TPA metagenomics assembly of PRJNA407905 data set (Human saliva Metagenomes).,oral,24,root:Host-associated:Human:Digestive system:Oral:Saliva,EMG,2021-10-12T11:26:02
MGYS00002225,SRP079075,PRJNA328521,Oral microbiome Raw sequence reads,oral,24,root:Host-associated:Human:Digestive system:Oral,The University of Auckland,2019-11-07T16:54:12
MGYS00000394,ERP005558,PRJEB6092,"Metagenome fecal microbiota, Illumina seq reads of 12 individuals at 2 timepoints",gut,24,root:Host-associated:Human:Digestive system|root:Host-associated:Human:Digestive system:Large intestine:Sigmoid colon,UNIVERSITY OF SYDNEY,2016-01-20T14:12:06
MGYS00006431,SRP442920,PRJNA982880,The fungal intestinal microbiota predict the development of bronchopulmonary dysplasia,gut,24,root:Host-associated:Human:Digestive system:Large intestine:Fecal,University of Alabama at Birmingham,2023-09-26T14:44:06
MGYS00006366,ERP141374,PRJEB56435,EMG produced TPA metagenomics assembly of PRJNA548383 data set (Subgingival Microbiome of Tobacco Cigarette Smokers with and without Periodontal Disease).,oral,24,root:Host-associated:Human:Digestive system:Oral:Subgingival plaque,EMG,2024-03-15T15:48:23
MGYS00005814,SRP118345,PRJNA407905,Human saliva Metagenomes,oral,23,root:Host-associated:Human:Digestive system:Oral:Saliva,UNIVERSITY OF ALICANTE,2021-10-12T09:49:54
MGYS00006616,ERP142304,PRJEB57339,EMG produced TPA metagenomics assembly of PRJNA762218 data set (Salivary Microbiome in Adenoid Cystic Carcinoma).,oral,23,root:Host-associated:Human:Digestive system:Oral:Saliva,EMG,2024-03-08T16:46:36
MGYS00002285,ERP106941,PRJEB25060,Microbial community in Trachea-oropharynx of Diabetic patient was compared with healthy controls and bacterial pneumonia,respiratory,23,root:Host-associated:Human:Respiratory system,KYUNG HEE UNIVERSITY,2018-03-14T09:35:01
MGYS00000553,ERP012221,PRJEB10919,Total RNA-Seq on sputum samples from patients with active tuberculosis,respiratory,23,root:Host-associated:Human:Respiratory system:Pulmonary system:Sputum,rachelpjlai,2016-02-03T10:02:08
MGYS00002215,SRP010933,PRJNA84223,"Human oral microbiome (root canal, apical abscess, and oral cavity) Targeted Locus",oral,23,root:Host-associated:Human:Digestive system:Oral,PHSA Labs,2018-02-14T13:02:27
MGYS00006307,ERP141367,PRJEB56428,EMG produced TPA metagenomics assembly of PRJNA597465 data set (Species Level Characterization of Dental Plaque Associated Microbiome of Native Indian Children using Metagenome Sequencing).,oral,22,root:Host-associated:Human:Digestive system:Oral:Subgingival plaque,EMG,2023-09-01T15:17:52
MGYS00001623,ERP021734,PRJEB19677,This dataset contains the output from shotgun metagenomic and genomic sequencing of the microbiota of faecal samples collected from infants prior to developing necrotising enterocolitis (NEC).,gut,22,root:Host-associated:Human:Digestive system:Large intestine:Fecal,PUBLIC HEALTH ENGLAND,2017-03-22T10:01:08
MGYS00005359,SRP029439,PRJNA215106,Pediatric Fecal Metagenome,gut,22,root:Host-associated:Human:Digestive system:Large intestine:Fecal,Washington University in St. Louis,2020-05-17T21:18:48
MGYS00006349,SRP282897,PRJNA663937,lung metagenome Raw sequence reads,respiratory,22,root:Host-associated:Human:Respiratory system:Pulmonary system:Lung,University of Geneva,2023-09-02T02:11:34
MGYS00001983,ERP104044,PRJEB22365,EMG produced TPA metagenomics assembly of the Pediatric Fecal Metagenome (human gut metagenome) data set,gut,22,root:Host-associated:Human:Digestive system:Large intestine:Fecal,EMBL-EBI,2020-05-17T23:46:16
MGYS00002159,SRP110002,PRJNA391236,Subgingival microbiome of from patients suffering from periodontitis and liver cirrhosis,oral,21,root:Host-associated:Human:Digestive system:Oral:Supragingival plaque,Aarhus University,2019-11-07T16:56:03
MGYS00002226,SRP075956,PRJNA320703,The human oral microbiota and interleukin 8 levels,oral,21,root:Host-associated:Human:Digestive system:Oral,University of Vienna,2019-11-07T16:54:14
MGYS00003719,SRP125475,PRJNA419453,microbial community diversities of subgingival plaque of 9 subjects,oral,21,root:Host-associated:Human:Digestive system:Oral:Subgingival plaque,Peking University Health Science Center,2019-11-07T16:56:01
MGYS00006102,ERP140636,PRJEB55708,EMG produced TPA metagenomics assembly of PRJEB44042 data set (Kefir ameliorates specific microbiota-gut-brain axis impairments in a mouse model relevant to autism spectrum disorder).,gut,21,root:Host-associated:Human:Digestive system:Large intestine:Fecal,EMG,2023-03-04T05:57:18
MGYS00006373,SRP311710,PRJNA716362,Characterize and compare the composition of the pulmonary bacterioma in women exposed to risk factors for chronic lung diseases,respiratory,21,root:Host-associated:Human:Respiratory system:Pulmonary system:Sputum,Instituto Nacional de Enfermedades Respiratorias Ismael Cosio Villegas,2023-09-02T21:23:07
MGYS00006343,SRP270071,PRJNA644204,Study of fungal clinical isolates from different anatomical sites and metagenomic of the lung microbiome of patients with cystic fibrosis,respiratory,21,root:Host-associated:Human:Respiratory system:Pulmonary system:Sputum,FCFRP,2023-09-02T00:30:41
MGYS00005390,ERP114141,PRJEB31570,EMG produced TPA metagenomics assembly of the PRJEB8249 data set (Bariatric surgery induces long-term changes on the gut metagenome contributing to fat mass regulation).,gut,21,root:Host-associated:Human:Digestive system:Large intestine,EMG,2020-05-22T02:14:05
MGYS00006649,ERP131993,PRJEB47694,EMG produced TPA metagenomics assembly of PRJNA748214 data set (saliva samples Raw sequence reads).,oral,20,root:Host-associated:Human:Digestive system:Oral:Saliva,EMG,2024-04-03T17:48:00
MGYS00006627,ERP138373,PRJEB53566,EMG produced TPA metagenomics assembly of PRJNA669294 data set (Effect of metronidazole on vaginal microbiota associated with asymptomatic bacterial vaginosis).,urogenital,20,root:Host-associated:Human:Reproductive system:Vagina,EMG,2024-03-09T11:23:28
MGYS00002221,SRP047310,PRJNA261274,microbial diversity on human oral cavity,oral,20,root:Host-associated:Human:Digestive system:Oral:Saliva,Northwest University for Nationalities,2019-11-07T16:55:06
MGYS00002394,SRP051741,PRJNA271538,Subgingival plaque and peri-implant biofilm,oral,20,root:Host-associated:Human:Digestive system:Oral:Subgingival plaque,Peking University School and Hospital of Stomatology,2019-11-07T16:55:54
MGYS00005391,ERP009310,PRJEB8249,Bariatric surgery induces long-term changes on the gut metagenome contributing to fat mass regulation,gut,20,root:Host-associated:Human:Digestive system:Large intestine,CHALMERS,2020-05-21T21:53:22
MGYS00005131,ERP118234,PRJEB35214,Metagenomics of gut microbiome from diarrheal samples,gut,20,root:Host-associated:Human:Digestive system:Large intestine:Fecal,ICMR-National Institute of Cholera and Enteric Diseases,2019-11-18T10:29:47
MGYS00003510,ERP108939,PRJEB26908,EMG produced TPA metagenomics assembly of the Gut microbiota of 10 pairs of Chinese infant twins (Gut microbiota of 10 pairs of Chinese infant twins) data set.,gut,19,root:Host-associated:Human:Digestive system:Large intestine|root:Host-associated:Human:Digestive system:Large intestine:Fecal,EMG,2020-05-18T00:58:44
MGYS00006420,SRP395591,PRJNA876036,Lung microbiota in mice underwent intestinal ischemia/reperfusion injury (Singly housing),respiratory,19,root:Host-associated:Human:Respiratory system:Pulmonary system:Lung,"Nanfang Hospital, Southern Medical University",2023-09-03T13:03:39
MGYS00000277,SRP002423,PRJNA46321,Human Gut Microbiome in Crohn's Disease,gut,19,root:Host-associated:Human:Digestive system:Large intestine:Fecal,NIDDK,2016-01-20T14:12:06
MGYS00001213,SRP073516,PRJNA318788,Human Feces Samples Metagenome,gut,18,root:Host-associated:Human:Digestive system:Large intestine:Fecal,University of Pennsylvania,2019-11-07T16:53:04
MGYS00002241,ERP014011,PRJEB12522,MICROBIOLOGICAL AND BIOINFORMATICS ANALYSIS OF PRIMARY SJOGREN'S SYNDROME PATIENTS WITH NORMAL SALIVATION,oral,18,root:Host-associated:Human:Digestive system:Oral:Saliva,"Faculty of Dentistry,Departtment of Oral Biology",2018-02-15T08:31:00
MGYS00001695,ERP010088,PRJEB9034,Metagenomic analysis of the upper bronchial tract microbiome in patients with chronic obstructive pulmonary disease and 'healthy' smoker controls,respiratory,18,root:Host-associated:Human:Respiratory system:Pulmonary system:Sputum,ABERSYTWYTH UNIVERSITY,2017-04-13T11:16:11
MGYS00006504,SRP153115,PRJNA480715,human lung metagenome targeted loci cystic fibrosis,respiratory,18,root:Host-associated:Human:Respiratory system:Pulmonary system:Lung,Marine Biological Laboratory,2023-09-25T15:55:14
MGYS00005583,SRP017459,PRJNA177883,equine gut metagenome Targeted Locus,gut,18,root:Host-associated:Human:Digestive system:Large intestine:Fecal,Texas A&M University,2020-08-14T14:57:18
MGYS00005124,ERP117955,PRJEB34967,Metagenomic analysis of the cervicovaginal microbiome in women with systemic lupus erythematosus: A new insight into sex and ethnic differences,urogenital,18,root:Host-associated:Human:Reproductive system:Vagina,"The University of the West Indies, CAve Hill Campus",2019-10-29T11:47:10
MGYS00006639,ERP141819,PRJEB56857,EMG produced TPA metagenomics assembly of PRJNA741688 data set (saliva metagenomic analysis of Crohn`s disease-related periodontitis).,oral,18,root:Host-associated:Human:Digestive system:Oral:Saliva,EMG,2024-03-26T11:32:52
MGYS00002231,SRP047405,PRJNA261765,Saliva in oral cavity Targeted Locus (Loci),oral,17,root:Host-associated:Human:Digestive system:Oral:Saliva,Northwest University for Nationalities,2019-11-07T16:55:10
MGYS00002228,SRP107375,PRJNA384402,oral metagenome Metagenome,oral,17,root:Host-associated:Human:Digestive system:Oral,"Mariam Ashour, Dr. Marwa Azab, Prof. Dr. Ali Ahmed, Suez Canal University",2019-11-07T16:54:18
MGYS00000278,SRP002437,,Developing infant gut microbiome,gut,17,root:Host-associated:Human:Digestive system:Large intestine:Fecal,Cornell University,2016-01-20T14:12:06
MGYS00005388,ERP114147,PRJEB31576,EMG produced TPA metagenomics assembly of the PRJEB8245 data set (Metagenomic sequencing revealed altered microbiota in microscopic colitis).,gut,17,root:Host-associated:Human:Digestive system:Large intestine,EMG,2020-05-22T02:13:20
MGYS00005347,SRP052967,PRJNA273761,Metagenomes from human infant fecal samples with and without necrotizing enterocolitis,gut,17,root:Host-associated:Human:Digestive system:Large intestine:Fecal,"Banfield Lab, University of California, Berkeley",2020-05-17T12:58:51
MGYS00006467,SRP095188,PRJNA357063,Lung Microbiome in Idiopathic Pulmonary Fibrosis and Interferon-?,respiratory,17,root:Host-associated:Human:Respiratory system:Pulmonary system:Lung,New York University School of Medicine,2023-09-11T13:17:20
MGYS00006768,ERP159773,PRJEB75188,EMG produced TPA metagenomics assembly of PRJNA876384 data set (Microbial DNA extraction of high-host content and low biomass samples: optimized protocol for nasopharynx metagenomic studies).,respiratory,17,root:Host-associated:Human:Respiratory system:Nasopharyngeal,EMG,2025-03-13T15:25:41
MGYS00006528,SRP165644,PRJNA496030,Pseudomonas aeruginosa population sequencing,respiratory,16,root:Host-associated:Human:Respiratory system:Pulmonary system:Lung,NNF-CFB DTU,2023-09-26T13:02:41
MGYS00000258,SRP000319,PRJNA32089,A core gut microbiome in obese and lean twins,gut,16,root:Host-associated:Human:Digestive system:Large intestine:Fecal,CGS-GL,2016-01-20T14:12:06
MGYS00005445,ERP113995,PRJEB31434,EMG produced TPA metagenomics assembly of the PRJNA385126 data set (viral metagenome Metagenome).,gut,16,root:Host-associated:Human:Digestive system:Large intestine:Fecal,EMG,2020-05-22T08:50:29
MGYS00006008,ERP136476,PRJEB51828,EMG produced TPA metagenomics assembly of PRJEB3227 data set (Follow-up of faecal microbiota in IBS patients).,gut,16,root:Host-associated:Human:Digestive system:Large intestine:Fecal,EMG,2022-04-11T09:21:25
MGYS00005109,ERP116743,PRJEB33912,EMG produced TPA metagenomics assembly of the Isolation and Identification of the Follicular Microbiome: Implications for Acne Research (PRJNA435265) data set.,skin,16,root:Host-associated:Human:Skin,EMG,2020-03-30T15:26:17
MGYS00005389,ERP009306,PRJEB8245,Metagenomic sequencing revealed altered microbiota in microscopic colitis,gut,16,root:Host-associated:Human:Digestive system:Large intestine,CHALMERS,2020-05-21T21:50:11
MGYS00006474,SRP118537,PRJNA408304,Clinical bronchoalveolar lavage (BAL) samples Targeted loci,respiratory,16,root:Host-associated:Human:Respiratory system:Pulmonary system:Lung,University of North Texas Health Science Center,2023-09-25T11:51:26
MGYS00006388,SRP336614,PRJNA762201,lung metagenome Raw sequence reads,respiratory,16,root:Host-associated:Human:Respiratory system:Pulmonary system:Lung,Northwest A&F University,2023-09-03T00:39:35
MGYS00006445,SRP386315,PRJNA858534,Lung microbiome dysbiosis in  lower airway in progression of lung cancer.,respiratory,16,root:Host-associated:Human:Respiratory system:Pulmonary system:Lung,Shandong University,2023-09-05T13:37:16
MGYS00005730,ERP125908,PRJEB42045,Study of infant stool samples in the first year of life.,gut,16,root:Host-associated:Human:Digestive system:Large intestine:Fecal,UNIVERSITY OF AMSTERDAM,2022-09-24T13:50:46
MGYS00006265,ERP115773,PRJEB33020,Healthy human lung microbiome from 15 volunteers,respiratory,15,root:Host-associated:Human:Respiratory system:Pulmonary system:Lung,URMITE,2023-07-29T04:01:33
MGYS00005657,ERP124921,PRJEB41181,EMG produced TPA metagenomics assembly of PRJEB19090 data set (Potential and active functions in the gut microbiota of a healthy human cohort).,gut,15,root:Host-associated:Human:Digestive system:Large intestine:Fecal,EMG,2020-11-24T18:35:50
MGYS00002309,ERP106171,PRJEB24355,EMG produced TPA metagenomics assembly of the The antibiotic resistance potential of the preterm infant gut microbiome measured using shotgun metagenomics. (Antibiotic resistance within the preterm infant gut.) data set.,gut,15,root:Host-associated:Human:Digestive system:Large intestine|root:Host-associated:Human:Digestive system:Large intestine:Fecal,EMBL-EBI,2020-05-15T15:26:37
MGYS00002339,ERP105876,PRJEB24076,EMG produced TPA metagenomics assembly of the The microbial colonization of the intestine during the first months of life constitutes the most important process for the microbiota-induced host-homeostasis.,gut,15,root:Host-associated:Human:Digestive system:Large intestine:Fecal,EMBL-EBI,2018-04-13T11:11:59
MGYS00001442,ERP021080,PRJEB19090,Potential and active functions in the gut microbiota of a healthy human cohort,gut,15,root:Host-associated:Human:Digestive system:Large intestine:Fecal,PORTO CONTE RICERCHE SRL,2017-02-09T09:33:31
MGYS00005446,SRP106048,PRJNA385126,viral metagenome Metagenome,gut,15,root:Host-associated:Human:Digestive system:Large intestine:Fecal,APC Microbiome Institute,2020-05-22T02:50:26
MGYS00000500,ERP008562,PRJEB7637,Changes imposed by Clostridium difficile infection on the human gut microbiome,gut,15,root:Host-associated:Human:Digestive system:Large intestine:Fecal,CSISP,2016-01-20T14:12:06
MGYS00006465,SRP082546,PRJNA339755,human lung metagenome Targeted Locus (Loci),respiratory,15,root:Host-associated:Human:Respiratory system:Pulmonary system:Lung,University of North Texas Health Science Center,2023-09-11T12:54:24
MGYS00002685,ERP107088,PRJEB25193,EMG produced TPA metagenomics assembly of the Metagenomics analysis of donor and recepient samples from fecal transplant for Recurrent Clostridium difficile infection () data set.,gut,15,root:Host-associated:Human:Digestive system:Large intestine:Fecal,EMBL-EBI,2018-07-31T09:21:32
MGYS00001208,ERP016968,PRJEB15257,The antibiotic resistance potential of the preterm infant gut microbiome measured using shotgun metagenomics.,gut,15,root:Host-associated:Human:Digestive system:Large intestine|root:Host-associated:Human:Digestive system:Large intestine:Fecal,PUBLIC HEALTH ENGLAND,2016-09-12T09:46:45
MGYS00005125,ERP117698,PRJEB34744,Metagenomic analysis of the cervicovaginal microbiome in women with systemic lupus erythematosus: A new insight into sex and ethnic differences,urogenital,15,root:Host-associated:Human:Reproductive system:Vagina,"The University of the West Indies, CAve Hill Campus",2019-10-31T10:49:31
MGYS00002186,SRP033022,PRJNA227796,Human Saliva Microbiome,oral,14,root:Host-associated:Human:Digestive system:Oral:Saliva,CIBIO,2019-11-07T16:55:01
MGYS00006459,SRP070848,PRJNA313226,Dynamics of airway microbiota in CF children,respiratory,14,root:Host-associated:Human:Respiratory system:Pulmonary system:Sputum,mothur,2023-09-11T11:54:27
MGYS00001187,ERP016629,PRJEB14948,Microbiome samples derived from Buruli ulcer wounds and non-Buruli ulcer skin ulcerations,skin,14,root:Host-associated:Human:Skin,Institute of tropical medicine,2016-07-29T14:04:21
MGYS00002073,ERP105190,PRJEB23435,The Investigation and Analysis of Microbiomic Data Relating to Diseases Surrounding the Deep Lung Tissue,respiratory,14,root:Host-associated:Human:Respiratory system:Pulmonary system:Lung,"NORTHUMBRIA UNIVERSITY, NEWCASTLE",2023-09-25T21:18:21
MGYS00001300,SRP038999,PRJNA239461,Influence of DNA extraction on oral microbial profiles obtained via 16S rRNA gene sequencing- Supragingival plaque,oral,14,root:Host-associated:Human:Digestive system:Oral:Subgingival plaque,University of Connecticut,2019-11-07T16:55:38
MGYS00002176,SRP106728,PRJNA386032,Microbiota between subgingival plaque and gingival tissue in periodontitis,oral,14,root:Host-associated:Human:Digestive system:Oral,Seoul National University,2019-11-07T16:54:00
MGYS00006317,SRP041604,PRJNA246028,Mycobiome analysis in sputum of CF subjects,respiratory,14,root:Host-associated:Human:Respiratory system:Pulmonary system:Sputum,Geisel School of Medicine at Dartmouth,2023-09-01T13:30:08
MGYS00005762,ERP127786,PRJEB43818,EMG produced TPA metagenomics assembly of PRJNA508395 data set (Nanopore long read assembly of the human gut metagenome).,gut,14,root:Host-associated:Human:Digestive system:Large intestine:Fecal,EMG,2021-07-27T19:59:21
MGYS00006328,SRP044880,PRJNA256169,Microbiome analysis in sputum of CF subjects,respiratory,14,root:Host-associated:Human:Respiratory system:Pulmonary system:Sputum,Geisel School of Medicine at Dartmouth,2023-09-01T20:13:43
MGYS00001313,ERP019785,PRJEB17882,16S rRNA gene sequencing of the extremelly birth weight infant gut,gut,14,root:Host-associated:Human:Digestive system:Large intestine:Fecal,Institute  of Food Research,2016-11-21T13:55:43
MGYS00006296,SRP038106,PRJNA237382,Microbial community analysis of sputum samples from adults and pediatric patients,respiratory,13,root:Host-associated:Human:Respiratory system:Pulmonary system:Sputum,Geisel School of Medicine at Dartmouth,2023-08-14T19:40:54
MGYS00001581,ERP021966,PRJEB19895,Impact of the diet on the intestinal microbiota in African children moving from rural to urban areas,gut,13,root:Host-associated:Human:Digestive system:Large intestine:Fecal,UNIVERSITY OF FLORENCE,2017-03-14T13:54:48
MGYS00005763,SRP178190,PRJNA508395,Nanopore long read assembly of the human gut metagenome,gut,13,root:Host-associated:Human:Digestive system:Large intestine:Fecal,Stanford University,2021-07-27T19:20:40
MGYS00002236,SRP049918,PRJNA267483,Oral Bacterial Metagenome - Young Healthy Arabs,oral,12,root:Host-associated:Human:Digestive system:Oral,Jazan University,2019-11-07T16:54:25
MGYS00000294,ERP001038,PRJEB2778,Mutualism between gut microbiota and the host as revealed in a comparative study of breast-fed versus formula-fed infants,gut,12,root:Host-associated:Human:Digestive system:Large intestine:Fecal,Texas A&M University,2016-01-20T14:12:06
MGYS00006009,ERP135925,PRJEB51311,EMG produced TPA metagenomics assembly of PRJEB25419 data set (Breast Cancer Metagenomics).,skin,12,root:Host-associated:Human:Skin,EMG,2022-05-18T16:28:55
MGYS00006462,SRP079737,PRJNA331067,human lung metagenome Raw sequence reads,respiratory,12,root:Host-associated:Human:Respiratory system:Pulmonary system:Lung,Shenzhen Children's Hospital,2023-09-11T12:12:51
MGYS00000304,ERP001506,PRJEB3085,Beta Lactam Antibiotics and Human Gut Microbiota,gut,12,root:Host-associated:Human:Digestive system:Large intestine:Fecal,CSISP,2016-01-20T14:12:06
MGYS00006844,ERP177070,PRJEB94195,Metagenome assembly of PRJEB10391 data set (Impact of ciprofloxacin pertubation on the intestinal resistome and microbiota in two healthy volunteers),gut,12,root:Host-associated:Human:Digestive system:Large intestine:Fecal,EMG,2025-08-23T15:16:16
MGYS00002214,SRP009440,,Using High Throughput Sequencing to Understand the Biodiversity of Oral Bacterial Communities,oral,12,root:Host-associated:Human:Digestive system:Oral,University of Connecticut,2018-02-14T13:01:50
MGYS00003143,ERP110944,PRJEB28701,Pilot study to compare the effects of high carbohydrate and high fat diets on gut microbiome,gut,12,root:Host-associated:Human:Digestive system:Large intestine:Fecal,THE UNIVERSITY OF SYDNEY,2018-09-26T15:46:12
MGYS00002690,ERP106629,PRJEB24777,EMG produced TPA metagenomics assembly of the Infant fecal microbiome related to eczema (human gut metagenome) data set.,gut,12,root:Host-associated:Human:Digestive system:Large intestine:Fecal,EMBL-EBI,2018-07-31T11:21:31
MGYS00006629,ERP138409,PRJEB53599,EMG produced TPA metagenomics assembly of PRJNA779415 data set (Vaginal microbiome of reproductive age mother daughter pairs).,urogenital,11,root:Host-associated:Human:Reproductive system:Vagina,EMG,2024-03-09T12:04:41
MGYS00002249,SRP038908,PRJNA238283,Human oral metagenome,oral,11,root:Host-associated:Human:Digestive system:Oral,University of Malaya,2019-11-07T16:54:34
MGYS00003367,ERP108860,PRJEB26833,EMG produced TPA metagenomics assembly of the Severe gut microbiota dysbiosis is associated with poor growth in patients with short bowel syndrome (human gut metagenome) data set.,gut,11,root:Host-associated:Human:Digestive system:Large intestine:Fecal,EMG,2018-10-25T20:14:24
MGYS00000518,ERP011339,PRJEB10133,These samples are selections from a larger cohort that were selected for the participation in the EBI metagenomics training in Sept. 2015,skin,10,root:Host-associated:Human:Skin,GSTT BRC Bioinformatics,2016-01-20T14:12:06
MGYS00002150,SRP071254,PRJNA314503,Microbiome of deep dentinal caries lesions associated with symptomatic irreversible pulpitis,oral,10,root:Host-associated:Human:Digestive system:Oral,Federal University of Rio de Janeiro,2018-01-22T16:57:25
MGYS00001868,ERP023746,PRJEB21490,the relationships between gut microbiome and environmental chemicals,gut,10,root:Host-associated:Human:Digestive system:Large intestine:Fecal,Michael Hooker Research Center,2017-07-05T09:46:45
MGYS00006617,ERP141871,PRJEB56901,EMG produced TPA metagenomics assembly of PRJDB10606 data set (Shotgun metagenome sequencing of saliva microbiome of MRONJ patients using HiSeq).,oral,10,root:Host-associated:Human:Digestive system:Oral:Saliva,EMG,2024-03-08T18:32:12
MGYS00005393,ERP116113,PRJEB33329,EMG produced TPA metagenomics assembly of the PRJEB9818 data set (The gut DNA viromes of Malawian twins discordant for severe acute undernutrition).,gut,10,root:Host-associated:Human:Digestive system:Large intestine:Fecal,EMG,2020-05-21T22:08:23
MGYS00006505,SRP154991,PRJNA477678,"Respiratory microbiota in lung cancer, bronchiectasis and healthy populations",respiratory,10,root:Host-associated:Human:Respiratory system:Pulmonary system:Lung,National Institute of Fundamental Studies,2023-09-25T15:55:25
MGYS00001308,ERP019639,PRJEB17754,16S rRNA gene sequencing in extremely low birth weight infant gut,gut,10,root:Host-associated:Human:Digestive system:Large intestine:Fecal,Institute  of Food Research,2016-11-18T16:54:53
MGYS00001342,ERP020191,PRJEB18265,Estimation of variability in the gut microbiota resistome of the Russian citizens aimed at identification of pathways for transmission and spread of antibiotic resistance.,gut,10,root:Host-associated:Human:Digestive system:Large intestine:Fecal,RIPCM,2016-12-08T09:19:15
MGYS00001626,ERP019673,PRJEB17783,16S rRNA gene sequencing of Extremelly low birth weight infant,gut,10,root:Host-associated:Human:Digestive system:Large intestine:Fecal,Institute  of Food Research,2017-03-23T11:18:14
MGYS00002261,SRP044888,PRJNA256234,Teeth bacterium Metagenome,oral,10,root:Host-associated:Human:Digestive system:Oral:Periodontal pockets,DNA-technology,2019-11-07T16:55:00
MGYS00003580,ERP108128,PRJEB26155,EMG produced TPA metagenomics assembly of the Fecal Microbiota Transplantation experiments () data set.,gut,10,root:Host-associated:Human:Digestive system:Large intestine,EMG,2018-11-26T18:34:19
MGYS00002274,SRP080750,PRJNA335630,human oral metagenome Metagenome,oral,10,root:Host-associated:Human:Digestive system:Oral:Subgingival plaque,Medical University of Graz,2019-11-07T16:55:52
MGYS00003576,ERP108137,PRJEB26164,"EMG produced TPA metagenomics assembly of the Strain-level typing, community shifts and evidence of co-infection derived from metagenomic investigation of two Salmonella outbreaks () data set.",gut,10,root:Host-associated:Human:Digestive system:Large intestine:Fecal,EMG,2020-05-22T00:47:59
MGYS00006313,ERP138652,PRJEB53836,EMG produced TPA metagenomics assembly of PRJNA528558 data set (oral metagenome Metagenome).,oral,9,root:Host-associated:Human:Digestive system:Oral,EMG,2023-09-01T12:45:46
MGYS00003577,ERP108135,PRJEB26162,EMG produced TPA metagenomics assembly of the Functional dynamics of the elderly gut microbiome during probiotic consumption (human gut metagenome) data set.,gut,9,root:Host-associated:Human:Digestive system:Large intestine:Fecal,EMG,2018-11-26T18:24:30
MGYS00005812,ERP127599,PRJEB43624,EMG produced TPA metagenomics assembly of PRJNA216965 data set (Dental Calculus Metagenome (archaeological)).,oral,9,root:Host-associated:Human:Digestive system:Oral,EMG,2021-10-12T09:46:22
MGYS00002245,ERP004595,PRJEB5215,Development of an oral mucosa model to study host-microbiome interactions during wound healing,oral,9,root:Host-associated:Human:Digestive system:Oral,UGHENT,2018-02-16T08:34:18
MGYS00001908,ERP024356,PRJEB22036,Correlation between gut microbiota and presence of fecal fungal isolates in Crohn's disease patients.,gut,9,root:Host-associated:Human:Digestive system:Large intestine:Fecal,UNIVERSITY OF FLORENCE,2017-08-11T15:15:04
MGYS00005394,ERP010965,PRJEB9818,The gut DNA viromes of Malawian twins discordant for severe acute undernutrition,gut,9,root:Host-associated:Human:Digestive system:Large intestine:Fecal,WUSL,2020-05-21T21:59:24
MGYS00001211,SRP076746,PRJNA326143,human gut metagenome Metagenome,gut,8,root:Host-associated:Human:Digestive system:Large intestine:Fecal,Seoul National University,2024-01-05T09:30:27
MGYS00003191,SRP041283,PRJNA244913,Impact of experimental Necator americanus infection on human gut microbiota,gut,8,root:Host-associated:Human:Digestive system:Large intestine:Fecal,University of Cambridge,2019-11-07T16:53:24
MGYS00000523,ERP006952,PRJEB7248,Metagenomics of TB-associated sputum,respiratory,8,root:Host-associated:Human:Respiratory system:Pulmonary system:Lung,WARWICK,2016-01-20T14:12:06
MGYS00006630,ERP138865,PRJEB54039,EMG produced TPA metagenomics assembly of PRJEB37382 data set (Assessment of different methods for library preparation of human vaginal samples).,urogenital,8,root:Host-associated:Human:Reproductive system:Vagina,EMG,2024-03-09T11:37:43
MGYS00005808,ERP127602,PRJEB43627,EMG produced TPA metagenomics assembly of PRJNA309322 data set (Pediatric MLI metagenome).,gut,8,root:Host-associated:Human:Digestive system:Large intestine,EMG,2021-10-08T19:20:52
MGYS00002046,ERP104210,PRJEB22529,EMG produced TPA metagenomics assembly of the DIPP Diabetes Microbiome (DIPP Diabetes Microbiome) data set,gut,8,root:Host-associated:Human:Digestive system:Large intestine:Fecal,EMG,2017-11-24T16:45:43
MGYS00001481,ERP021171,PRJEB19188,The oral metagenome in health and disease,oral,8,root:Host-associated:Human:Digestive system:Oral,CSISP,2017-02-14T13:24:50
MGYS00005809,SRP068619,PRJNA309322,Pediatric MLI metagenome,gut,7,root:Host-associated:Human:Digestive system:Large intestine,University of Ottawa,2021-10-08T18:40:24
MGYS00002687,ERP106630,PRJEB24778,EMG produced TPA metagenomics assembly of the Human Faecal Samples Raw sequence reads (human gut metagenome) data set.,gut,6,root:Host-associated:Human:Digestive system:Large intestine:Fecal,EMBL-EBI,2018-07-31T10:27:06
MGYS00002331,ERP106358,PRJEB24528,EMG produced TPA metagenomics assembly of the Compositional_dynamics_of_intestinal_spore_forming_bacteria (Compositional_dynamics_of_intestinal_spore_forming_bacteria) data set.,gut,6,root:Host-associated:Human:Digestive system:Large intestine:Fecal,EMBL-EBI,2018-04-11T18:15:40
MGYS00002218,SRP028356,PRJNA213531,Human oral microbiome,oral,6,root:Host-associated:Human:Digestive system:Oral,Madurai Kamaraj University,2019-11-07T16:54:06
MGYS00005768,SRP274074,PRJNA648297,Remarkably low relative abundance of several Bifidobacterium species in the altered intestinal microbiota of Helicobacter pylori infected patients with gastric ulcer and gastric cancer,gut,6,root:Host-associated:Human:Digestive system:Large intestine:Fecal,Rajiv Gandhi Centre for Biotechnology,2021-07-27T22:30:52
MGYS00000367,ERP004846,PRJEB5431,Human faeces Metagenome,gut,6,root:Host-associated:Human:Digestive system:Large intestine:Fecal,CCB-UEL,2016-02-08T00:05:03
MGYS00005767,ERP129398,PRJEB45311,EMG produced TPA metagenomics assembly of PRJNA648297 data set (Remarkably low relative abundance of several Bifidobacterium species in the altered intestinal microbiota of Helicobacter pylori infected patients with gastric ulcer and gastric cancer).,gut,6,root:Host-associated:Human:Digestive system:Large intestine:Fecal,EMG,2021-09-27T17:56:57
MGYS00006849,ERP166188,PRJEB82502,Metagenome assembly of PRJNA754443 data set (Comparison of short-read and long-read amplicon and metagenomic sequencing data from clinical microbiome samples),gut,6,root:Host-associated:Human:Digestive system:Large intestine:Fecal,EMG,2025-08-26T10:46:15
MGYS00005107,SRP114403,PRJNA394849,NGS approaches to metagenomics of gut microbiome,gut,6,root:Host-associated:Human:Digestive system:Large intestine:Fecal,Sapienza Universita' di Roma,2019-11-07T16:53:33
MGYS00002149,SRP047474,PRJNA262008,Carious dentine Genome sequencing,oral,6,root:Host-associated:Human:Digestive system:Oral,Queen Mary University of London,2019-11-07T16:53:45
MGYS00003203,ERP108075,PRJEB26102,EMG produced TPA metagenomics assembly of the Human sputum and synthetic metagenomic samples (synthetic metagenome) data set.,oral,5,root:Host-associated:Human:Digestive system:Oral,EMG,2018-10-25T15:59:11
MGYS00002406,ERP109119,PRJEB27079,Pooled sputum DNA extracts from patients with severe asthma who received either placebo or azithromycin for 48 weeks,respiratory,4,root:Host-associated:Human:Respiratory system:Pulmonary system:Sputum,SAHMRI,2018-06-11T14:35:54
MGYS00001708,ERP022631,PRJEB20475,Analysis of gut microbiota in infants,gut,4,root:Host-associated:Human:Digestive system:Large intestine:Fecal,National institute for research in reproductive health,2017-04-25T16:34:57
MGYS00006310,ERP139914,PRJEB55049,EMG produced TPA metagenomics assembly of PRJNA631294 data set (Putative amylases in the human vagina).,urogenital,4,root:Host-associated:Human:Reproductive system:Vagina,EMG,2023-09-01T13:23:21
MGYS00005793,ERP127968,PRJEB43974,EMG produced TPA metagenomics assembly of PRJNA510036 data set (Fecal transplant influence on healthy volunteers).,gut,4,root:Host-associated:Human:Digestive system:Large intestine:Fecal,EMG,2021-10-07T02:34:50
MGYS00005655,SRP018108,PRJNA78025,Human Oral Subgingival Plaque Microbiome,oral,4,root:Host-associated:Human:Digestive system:Oral:Subgingival plaque,Center for Bioinformatics and Computational Biology,2020-11-17T18:40:42
MGYS00000489,ERP006091,PRJEB6542,Gut microbial metabolism shifts towards a more toxic profile with supplementary iron in a kinetic model of the human large intestine,gut,4,root:Host-associated:Human:Digestive system:Large intestine:Fecal|root:Host-associated:Human:Digestive system:Large intestine:Sigmoid colon,SDSU,2016-04-16T00:05:04
MGYS00002268,SRP058400,PRJNA284168,Human-associated samples Metagenome,oral,4,root:Host-associated:Human:Digestive system:Oral,Kunming Institute of Zoology Chinese Academy of Sciences,2019-11-07T16:54:45
MGYS00006377,SRP315332,PRJNA722576,Fungi sequencing of sputum,respiratory,4,root:Host-associated:Human:Respiratory system:Pulmonary system:Sputum,Southwest Medical University,2023-09-02T21:37:18
MGYS00006376,SRP315330,PRJNA722474,Bacterial sequencing of sputum,respiratory,4,root:Host-associated:Human:Respiratory system:Pulmonary system:Sputum,Southwest Medical University,2023-09-02T21:35:59
MGYS00001960,ERP104539,PRJEB22832,"Library of 16S RNA, amplicon, from microbial community",gut,4,root:Host-associated:Human:Digestive system:Large intestine:Fecal,UNIVERSITY OF SAO PAULO,2017-10-03T08:54:11
MGYS00005652,ERP124518,PRJEB40836,EMG produced TPA metagenomics assembly of PRJNA542280 data set (Oral Microbiome in Fanconi Anemia).,oral,4,root:Host-associated:Human:Digestive system:Oral,EMG,2020-11-17T19:05:30
MGYS00005651,ERP124374,PRJEB40715,EMG produced TPA metagenomics assembly of PRJNA78025 data set (Human Oral Subgingival Plaque Microbiome).,oral,4,root:Host-associated:Human:Digestive system:Oral:Subgingival plaque,EMG,2020-11-17T18:52:20
MGYS00001315,ERP019890,PRJEB17980,Analysis of gut microbiota in infants,gut,4,root:Host-associated:Human:Digestive system:Large intestine:Fecal,National institute for research in reproductive health,2016-11-22T10:42:06
MGYS00001184,ERP016615,PRJEB14935,Term and preterm shotgun samples,gut,3,root:Host-associated:Human:Digestive system:Large intestine:Fecal,Institute  of Food Research,2016-07-29T09:57:01
MGYS00002227,SRP050159,PRJNA268255,Oral cancer bacteriome - preliminary study Metagenome,oral,3,root:Host-associated:Human:Digestive system:Oral,Jazan University,2019-11-07T16:54:16
MGYS00005339,ERP014167,PRJEB12669,Gut microbiota of 10 pairs of Chinese infant twins,gut,3,root:Host-associated:Human:Digestive system:Large intestine:Fecal,Shenzhen Following Precision Medical Research Institute,2020-05-17T09:56:52
MGYS00006306,ERP138650,PRJEB53834,EMG produced TPA metagenomics assembly of PRJNA419274 data set (Alteration in the Oral microbiota of Indian Antartic expedition members during ship journey and stay at Antartica).,oral,3,root:Host-associated:Human:Digestive system:Oral:Saliva,EMG,2023-09-01T11:29:50
MGYS00000585,ERP013496,PRJEB12057,Study of early life microbiota in preterm baby,gut,3,root:Host-associated:Human:Digestive system:Large intestine:Fecal,Institute  of Food Research,2016-02-08T00:05:04
MGYS00005729,ERP126326,PRJEB42466,Critical Assessment of Metaproteome Investigation (CAMPI): a Multi-Lab Comparison of Established Workflows,gut,3,root:Engineered:Modeled:Simulated communities (microbial mixture)|root:Host-associated:Human:Digestive system:Large intestine:Fecal,LUXEMBOURG CENTRE FOR SYSTEMS BIOMEDICINE,2021-03-31T16:25:26
MGYS00006493,SRP016840,PRJNA176821,IPF lung tissue and swabs Targeted Locus (Loci),respiratory,3,root:Host-associated:Human:Respiratory system:Pulmonary system:Lung,University of Queensland,2023-09-25T11:27:33
MGYS00005794,SRP173438,PRJNA510036,Fecal transplant influence on healthy volunteers,gut,3,root:Host-associated:Human:Digestive system:Large intestine:Fecal,RCPCM,2021-10-07T02:17:36
MGYS00001991,ERP104944,PRJEB23207,Metagenomic characterization of the human intestinal microbiota in faecal samples from STEC-infected patients,gut,3,root:Host-associated:Human:Digestive system:Large intestine:Fecal,ISTITUTO SUPERIORE DI SANITA,2017-11-03T09:27:12
MGYS00003199,ERP107087,PRJEB25192,EMG produced TPA metagenomics assembly of the gut microbiota from an obese human (SRP012035) data set.,gut,3,root:Host-associated:Human:Digestive system:Large intestine:Fecal,EMBL-EBI,2018-10-25T15:54:59
MGYS00005656,SRP197549,PRJNA542280,Oral Microbiome in Fanconi Anemia,oral,3,root:Host-associated:Human:Digestive system:Oral,University of Minnesota,2020-11-17T18:58:23
MGYS00001893,ERP018622,PRJEB16762,ICU_metagenomics_Using_16S_rRNA_analysis_for_assessing_the_respiratory_bacterial_infection_threat_to_immunocompromised_patients_within_Intensive_Care_Units,gut,2,root:Host-associated:Human:Digestive system:Large intestine:Fecal,SC,2017-07-19T10:13:25
MGYS00005356,SRP064526,PRJNA297869,Human gastric microbiome metagenome,gut,2,root:Host-associated:Human:Digestive system:Large intestine,Weill Cornell Medical College,2020-05-17T19:13:41
MGYS00001779,ERP023074,PRJEB20877,Detection of bacterial pathogens from broncho-alveolar lavage by next-generation sequencing,respiratory,2,root:Host-associated:Human:Respiratory system:Pulmonary system,GUH,2017-05-31T14:21:26
MGYS00002057,ERP104230,PRJEB22549,EMG produced TPA metagenomics assembly of the Evaluation of vertical transmission between mother-infant (human gut metagenome) data set,gut,2,root:Host-associated:Human:Digestive system:Large intestine:Fecal,EMG,2017-11-24T16:46:52
MGYS00002276,SRP108107,PRJNA388022,molecular charactarization of endodontic infection in humans,oral,2,root:Host-associated:Human:Digestive system:Oral,Faculty of pharmacy Suez Canal university,2019-11-07T16:54:52
MGYS00001887,ERP023970,PRJEB21696,Metagenomics 1st 5 data,gut,2,root:Host-associated:Human:Digestive system:Large intestine:Fecal,THE CATHOLIC UNIVERSITY OF KOREA,2017-07-13T09:25:17
MGYS00001892,SRP001709,PRJNA43253,Human fecal microbiome,gut,2,root:Host-associated:Human:Digestive system:Large intestine:Fecal,CGS-GL,2017-07-18T11:32:36
MGYS00002180,ERP106323,PRJEB24494,sputum from patients with bronchiectasis pooled together and sequenced for the purpose of investigating the effect of erythromycin on antibiotic resistance carriage,respiratory,2,root:Host-associated:Human:Respiratory system:Pulmonary system:Sputum,SAHMRI,2018-01-25T09:01:34
MGYS00002052,ERP104223,PRJEB22542,EMG produced TPA metagenomics assembly of the Gut metagenome from two premature infants (human gut metagenome) data set,gut,2,root:Host-associated:Human:Digestive system:Large intestine:Fecal,EMG,2017-11-24T16:46:23
MGYS00002024,ERP104182,PRJEB22501,EMG produced TPA metagenomics assembly of the Gut microbial metabolism shifts towards a more toxic profile with supplementary iron in a kinetic model of the human large intestine (TIM2_iron_study) data set,gut,2,root:Host-associated:Human:Digestive system:Large intestine:Sigmoid colon,EMBL-EBI,2022-02-25T16:55:52
MGYS00000456,ERP009244,PRJEB8201,Comparison of distal gut microbiota structure and function in US and Egyptian children,gut,2,root:Host-associated:Human:Digestive system:Large intestine:Fecal,WRIGHT STATE UNIVERSITY,2016-01-20T14:12:06
MGYS00001249,SRP066323,PRJNA302437,16s-based microbiome metagenome,gut,2,root:Host-associated:Human:Digestive system:Large intestine:Fecal,University of Nebraska-Lincoln,2019-11-07T16:53:10
MGYS00000543,ERP012163,PRJEB10865,Study of the abundance of bacteria from human samples,gut,2,root:Host-associated:Human:Digestive system:Large intestine:Fecal,VIRGINIA TECH,2016-01-31T00:05:03
MGYS00002262,SRP045295,PRJNA257562,Human oral microbiome associated with OC regiment,oral,2,root:Host-associated:Human:Digestive system:Oral:Supragingival plaque,"Qibebt,CAS,China",2019-11-07T16:56:06
MGYS00006425,SRP421082,PRJNA931790,The lung microbiota in nontuberculous mycobacterial pulmonary disease,respiratory,2,root:Host-associated:Human:Respiratory system:Pulmonary system:Lung,Samsung Medical Center,2023-09-03T13:33:25
MGYS00006441,SRP149996,PRJNA474914,Lung mycobiome Raw sequence reads,respiratory,2,root:Host-associated:Human:Respiratory system:Pulmonary system:Lung,University of Alicante,2023-09-05T13:25:13
MGYS00006440,SRP070932,PRJNA312879,Human_sputum_16S Raw sequence reads,respiratory,1,root:Host-associated:Human:Respiratory system:Pulmonary system:Sputum,Haifa University,2023-09-05T13:10:43
MGYS00000506,ERP011513,PRJEB10283,Pooled sample of human tongue scrapes from 9 healthy adults.,oral,1,root:Host-associated:Human:Digestive system:Oral:tongue dorsum,UNIVERSITY COLLEGE LONDON,2016-01-20T14:12:06
MGYS00003204,ERP108076,PRJEB26103,EMG produced TPA metagenomics assembly of the human oral metagenome Raw sequence reads (human oral metagenome) data set.,oral,1,root:Host-associated:Human:Digestive system:Oral,EMG,2018-10-25T16:00:14
MGYS00006293,SRP035600,PRJNA188683,Cross sectional analysis of 16S rRNA sequences obtained from bronchiectasis patient airway samples Targeted Locus (Loci),respiratory,1,root:Host-associated:Human:Respiratory system:Pulmonary system:Lung,King's College London,2023-08-14T18:57:25
MGYS00000507,ERP011523,PRJEB10293,Tongue metagenome from 9 healthy individuals.,oral,1,root:Host-associated:Human:Digestive system:Oral,UNIVERSITY COLLEGE LONDON,2016-01-20T14:12:06
MGYS00002147,SRP022233,PRJNA184696,P&G gingivitis Targeted Locus,oral,1,root:Host-associated:Human:Digestive system:Oral,"Procter & Gamble Innovation Center, Beijing, China",2019-11-07T16:53:41
MGYS00000319,ERP002222,PRJEB1421,Shifts in Human Intestinal Microbiota after Smoking Cessation,gut,1,root:Host-associated:Human:Digestive system:Large intestine:Fecal,USZ,2016-01-20T14:12:06
MGYS00000306,ERP001596,PRJEB3148,Long insert human faecal metagenomic library.,gut,1,root:Host-associated:Human:Digestive system:Large intestine:Fecal,CSISP,2016-01-20T14:12:06
MGYS00006309,ERP138646,PRJEB53830,EMG produced TPA metagenomics assembly of PRJNA612150 data set (Fred Hutch Vaginal Metagenomics (FHVM)).,urogenital,1,root:Host-associated:Human:Reproductive system:Vagina,EMG,2023-09-01T13:17:16
MGYS00000564,ERP012953,PRJEB11554,NeoM,gut,1,root:Host-associated:Human:Digestive system:Large intestine:Fecal,IMPERIAL COLLEGE LONDON,2016-02-03T10:02:09
MGYS00006823,ERP148566,PRJEB63401,EMG produced TPA metagenomics assembly of PRJNA693652 data set (The intestinal bacteriomes and viromes of pationts with recurrent CDI).,gut,1,root:Host-associated:Human:Digestive system:Large intestine:Fecal,EMG,2025-07-07T23:05:47
MGYS00005193,SRP096974,PRJNA339931,Composition and variation of respiratory microbiota in healthy military personnel Metagenome,respiratory,1,root:Host-associated:Human:Respiratory system:Nasopharyngeal:Nasal cavity,Walter Reed Army Institute of Research,2020-04-27T15:18:47
MGYS00006818,ERP148312,PRJEB63161,EMG produced TPA metagenomics assembly of PRJNA799832 data set (Raw metagenomic sequence reads of human gut in patients with pituitary adenoma).,gut,1,root:Host-associated:Human:Digestive system:Large intestine:Fecal,EMG,2025-06-05T13:49:34
MGYS00006523,SRP145042,PRJNA464268,human oral metagenome Raw sequence reads,respiratory,1,root:Host-associated:Human:Respiratory system:Pulmonary system:Lung,Qilu Children’s Hospital of Shandong University,2023-09-25T21:06:29
MGYS00002021,ERP104072,PRJEB22392,EMG produced TPA metagenomics assembly of the Metagenomic analysis of infant stool sample (human gut metagenome) data set,gut,1,root:Host-associated:Human:Digestive system:Large intestine:Fecal,EMG,2017-11-23T14:22:07
MGYS00002171,SRP040947,PRJNA243549,Predictive modeling of early childhood caries via spatial-temporal variations of oral microbiota (Validataion study),oral,1,root:Host-associated:Human:Digestive system:Oral,"Qibebt,CAS,China",2019-11-07T16:53:54
MGYS00005299,SRP214545,PRJNA554499,16S rRNA gene profiling of atopic dermatitis and psoriasis patients compared to healthy volunteers,skin,1,root:Host-associated:Human:Skin,University of Duesseldorf,2020-03-14T03:48:41
MGYS00002172,SRP049665,PRJNA266810,Oral active microbiota of dental caries,oral,1,root:Host-associated:Human:Digestive system:Oral,FISABIO,2019-11-07T16:53:56
MGYS00000520,ERP011525,PRJEB10295,Whole genome sequencing of metagenomes extracted from palms of two individuals,skin,1,root:Host-associated:Human:Skin,LEIDEN UNIVERSITY MEDICAL CENTER,2016-02-01T00:05:03
MGYS00002270,SRP067717,PRJNA306796,"plaque, saliva, tongue coating metagenome",oral,1,root:Host-associated:Human:Digestive system:Oral,Peking University School of Stomatology,2019-11-07T16:54:47
MGYS00003135,ERP002465,PRJEB1781,Human_infections_with_the_whipworm__Trichuris_trichiura__are_not_associated_with_alterations_in_the_faecal_microbiota_,gut,1,root:Host-associated:Human:Digestive system:Large intestine:Fecal,SC,2018-09-19T09:49:46
MGYS00002027,ERP104186,PRJEB22505,EMG produced TPA metagenomics assembly of the The initial state of the human gut microbiome determines its reshaping by antibiotics (Impact of cefprozil on the gut microbiome of healthy individuals) data set,gut,1,root:Host-associated:Human:Digestive system:Large intestine:Fecal,EMG,2017-11-24T16:43:54
MGYS00001301,SRP058372,PRJNA284100,Supragingival plaque Raw sequence reads,oral,1,root:Host-associated:Human:Digestive system:Oral,Zhejiang University,2019-11-07T16:53:37
MGYS00001299,SRP022894,PRJNA203399,Oral tongue plaque Metagenome,oral,1,root:Host-associated:Human:Digestive system:Oral:tongue dorsum,"P&G Innovation Center, Beijing",2019-11-07T16:56:08
MGYS00002056,ERP104228,PRJEB22547,EMG produced TPA metagenomics assembly of the Homo sapiens fecal metagenome Raw sequence reads (human gut metagenome) data set,gut,1,root:Host-associated:Human:Digestive system:Large intestine:Fecal,EMG,2017-11-24T16:46:47
MGYS00001185,SRP012449,,Complicated Sputum Microbial Composition in the Patients of Pulmonary Tuberculosis,respiratory,1,root:Host-associated:Human:Respiratory system:Pulmonary system:Sputum,Shanghai Jiao Tong University School of Medicine,2016-07-29T11:54:27
MGYS00001137,ERP016183,PRJEB14539,Metagenome and metatranscriptome profiling of moderate and severe COPD sputum in Taiwanese Han males,respiratory,1,root:Host-associated:Human:Respiratory system:Pulmonary system:Sputum,YZU,2016-06-27T11:33:42
MGYS00006314,ERP141227,PRJEB56303,EMG produced TPA metagenomics assembly of PRJNA650272 data set (Microbiomes in supragingival biofilms and saliva of adolescent patients with provoked and naturally occurring gingivitis relative to gingival health).,oral,1,root:Host-associated:Human:Digestive system:Oral:Saliva,EMG,2023-09-01T13:07:00
MGYS00006316,ERP141402,PRJEB56454,EMG produced TPA metagenomics assembly of PRJEB10293 data set (Tongue metagenome from 9 healthy individuals.).,oral,1,root:Host-associated:Human:Digestive system:Oral,EMG,2023-09-01T13:08:40
MGYS00000432,ERP008885,PRJEB7899,Evidence for salt tolerance in the human gut mobilome and potential mechanisms.,gut,1,root:Host-associated:Human:Digestive system:Large intestine:Fecal,CUSB-HM,2016-01-20T14:12:06
MGYS00005979,ERP127195,PRJEB43247,EMG produced TPA metagenomics assembly of PRJNA623799 data set (marine metagenome Genome sequencing and assembly).,gut,1,root:Host-associated:Human:Digestive system:Large intestine:Sigmoid colon,EMG,2022-02-28T12:22:00
MGYS00002260,SRP043625,PRJNA253625,Human saliva Targeted Locus (Loci),oral,1,root:Host-associated:Human:Digestive system:Oral:Saliva,Research and Testing Laboratory,2019-11-07T16:55:18
MGYS00002257,SRP041078,PRJNA244164,Dental Plaque 16s rRNA v6 amplicons,oral,1,root:Host-associated:Human:Digestive system:Oral:Subgingival plaque,University of Otago,2019-11-07T16:55:46
MGYS00005529,SRP132034,PRJNA429136,Human sigmoid colon mucosal biopsy metagenomes in cohort with and without diverticula,gut,1,root:Host-associated:Human:Digestive system:Large intestine:Sigmoid colon,UNC Charlotte,2020-06-21T10:07:35
MGYS00006457,SRP011201,PRJNA63141,16S rRNA amplicons isolated from microbial communities from the cystic fibrosis lung,respiratory,1,root:Host-associated:Human:Respiratory system:Pulmonary system:Lung,San Diego State University,2023-09-11T11:48:17
MGYS00002239,ERP015528,PRJEB13941,Temporal stability of the salivary microbiome and its association with salivary markers of oxidative stress,oral,1,root:Host-associated:Human:Digestive system:Oral:Saliva,FISABIO - Public Health,2018-02-15T08:26:39
MGYS00002258,SRP041092,PRJNA239444,Human current and never smokers,oral,1,root:Host-associated:Human:Digestive system:Oral,The Ohio State University,2019-11-07T16:54:36
MGYS00002170,SRP040945,PRJNA243102,Predictive modeling of early childhood caries via spatial-temporal variations of oral microbiota,oral,1,root:Host-associated:Human:Digestive system:Oral,"Qibebt,CAS,China",2019-11-07T16:53:52
MGYS00006455,SRP392201,PRJNA867528,"Comparison of the lung microbiota in patients with respiratory infection, tuberculosis, and lung cancer: a preliminary study",respiratory,1,root:Host-associated:Human:Respiratory system:Pulmonary system:Lung,Zhejiang University,2023-09-06T11:42:37
MGYS00001493,SRP012558,PRJNA60717,Metagenomic analysis of infant stool sample,gut,1,root:Host-associated:Human:Digestive system:Large intestine:Fecal,"University of California, Berkeley",2017-02-15T13:30:54
MGYS00006510,SRP175099,PRJNA512576,Human Lung Microbiome Raw sequence reads,respiratory,1,root:Host-associated:Human:Respiratory system:Pulmonary system:Lung,Maharshi Dayanand University,2023-09-25T17:05:36
MGYS00006247,DRP005226,PRJDB8270,Comparison of lung microbiota between antineutrophil cytoplasmic antibody-associated vasculitis and sarcoidosis,respiratory,0,,"Immunology and Rheumatology, Nagasaki University",2023-09-27T08:34:12
MGYS00005980,SRP261282,PRJNA623799,marine metagenome Genome sequencing and assembly,gut,0,,Clark University,2022-02-28T12:22:09
MGYS00006421,SRP409715,PRJNA905224,Respiratory mycobiome of critically ill COVID patients,respiratory,0,,University of Manchester,2023-09-27T12:26:30
MGYS00005408,SRP094017,PRJNA321753,"Strain-level typing, community shifts and evidence of co-infection derived from metagenomic investigation of two Salmonella outbreaks",gut,0,,Centers for Disease Control and Prevention,2020-05-22T00:48:04
